City_ID,City,Lat,Lng,Max Temp,Humidity,Cloudiness,Wind Speed,Country,Date
0,Somerset,40.5668,-74.5496,306.93,39,0,1.54,US,2022-08-11 19:16:43
1,Carnarvon,-24.8667,113.6333,288.89,34,0,7.21,AU,2022-08-11 19:10:53
2,Albany,42.6001,-73.9662,303.25,47,85,0.89,US,2022-08-11 19:09:11
3,Hithadhoo,-0.6,73.0833,300.89,75,6,3.65,MV,2022-08-11 19:09:39
4,Busselton,-33.65,115.3333,282.73,85,1,4.36,AU,2022-08-11 19:09:32
5,Coquimbo,-29.9533,-71.3436,286.0,87,75,3.09,CL,2022-08-11 19:18:41
6,Aloleng,16.1307,119.7824,299.81,81,100,0.73,PH,2022-08-11 19:18:41
7,Ushuaia,-54.8,-68.3,276.94,87,40,1.03,AR,2022-08-11 19:05:05
8,Punta Arenas,-53.15,-70.9167,277.21,58,40,5.14,CL,2022-08-11 19:09:35
9,Portland,45.5234,-122.6762,300.69,57,20,4.63,US,2022-08-11 19:10:14
10,Katsuura,35.1333,140.3,300.22,87,27,10.02,JP,2022-08-11 19:10:16
11,Cape Town,-33.9258,18.4232,288.64,79,40,4.92,ZA,2022-08-11 19:09:58
12,Lompoc,34.6391,-120.4579,298.62,84,100,6.69,US,2022-08-11 19:16:56
13,Rio Verde De Mato Grosso,-18.9181,-54.8442,297.06,28,0,2.09,BR,2022-08-11 19:18:43
14,Vaini,-21.2,-175.2,296.24,83,40,5.14,TO,2022-08-11 19:09:32
15,Puerto Ayora,-0.7393,-90.3518,299.13,90,100,4.47,EC,2022-08-11 19:13:53
16,Yellowknife,62.456,-114.3525,289.02,41,8,4.02,CA,2022-08-11 19:12:31
17,Saskylakh,71.9167,114.0833,279.28,71,100,3.4,RU,2022-08-11 19:12:21
18,Hilo,19.7297,-155.09,303.86,90,100,2.57,US,2022-08-11 19:09:29
19,Port Blair,11.6667,92.75,300.61,82,100,6.22,IN,2022-08-11 19:18:44
20,Sterling,39.0062,-77.4286,304.57,48,0,4.12,US,2022-08-11 19:18:45
21,Khash,28.2211,61.2158,298.62,16,1,4.43,IR,2022-08-11 19:18:45
22,Kapaa,22.0752,-159.319,300.99,73,20,7.2,US,2022-08-11 19:09:37
23,Manzil Kamil,35.6248,10.6673,300.84,69,40,6.17,TN,2022-08-11 19:18:46
24,New Norfolk,-42.7826,147.0587,279.66,80,92,0.59,AU,2022-08-11 19:10:53
25,Bengkulu,-3.8004,102.2655,297.99,91,47,1.6,ID,2022-08-11 19:18:47
26,Mar Del Plata,-38.0023,-57.5575,289.79,53,0,8.94,AR,2022-08-11 19:09:55
27,Avera,33.194,-82.5271,304.01,43,99,4.0,US,2022-08-11 19:18:47
28,Kavaratti,10.5669,72.642,300.59,83,22,9.15,IN,2022-08-11 19:16:23
29,Juneau,58.3019,-134.4197,290.15,91,75,4.63,US,2022-08-11 19:18:48
30,Mataura,-46.1927,168.8643,271.21,96,12,1.3,NZ,2022-08-11 19:09:42
31,Karratha,-20.7377,116.8463,290.69,29,1,5.99,AU,2022-08-11 19:16:35
32,Banda Aceh,5.5577,95.3222,299.18,82,100,5.77,ID,2022-08-11 19:09:36
33,Cockburn Town,21.4612,-71.1419,300.79,75,12,6.76,TC,2022-08-11 19:10:54
34,Emerald,-23.5333,148.1667,285.01,89,100,3.41,AU,2022-08-11 19:18:49
35,San Patricio,28.017,-97.5169,308.55,51,100,1.71,US,2022-08-11 19:14:57
36,Ocosingo,17.0667,-92.25,295.05,90,99,1.31,MX,2022-08-11 19:18:50
37,Silvan,38.1419,41.0081,301.31,21,0,1.29,TR,2022-08-11 19:18:50
38,Chuy,-33.6971,-53.4616,288.06,70,7,3.07,UY,2022-08-11 19:12:10
39,Saint George,37.1041,-113.5841,306.83,38,0,0.89,US,2022-08-11 19:07:21
40,Geraldton,-28.7667,114.6,282.38,81,0,3.09,AU,2022-08-11 19:18:51
41,Salalah,17.0151,54.0924,298.2,100,100,2.06,OM,2022-08-11 19:10:58
42,Rikitea,-23.1203,-134.9692,295.95,72,99,9.98,PF,2022-08-11 19:09:39
43,Jamestown,42.097,-79.2353,297.92,45,75,4.63,US,2022-08-11 19:12:18
44,Hasaki,35.7333,140.8333,300.53,86,17,11.49,JP,2022-08-11 19:15:07
45,Khatanga,71.9667,102.5,279.97,65,100,2.63,RU,2022-08-11 19:14:33
46,Bluff,-46.6,168.3333,276.58,86,96,4.21,NZ,2022-08-11 19:11:00
47,Saint Anthony,45.0205,-93.218,302.2,43,0,4.12,US,2022-08-11 19:16:23
48,Kalmunai,7.4167,81.8167,299.67,84,100,0.88,LK,2022-08-11 19:19:53
49,Makakilo City,21.3469,-158.0858,300.93,64,100,7.2,US,2022-08-11 19:19:53
50,Kampene,-3.6,26.6667,297.95,33,93,0.59,CD,2022-08-11 19:19:54
51,Egvekinot,66.3167,-179.1667,281.45,95,100,2.07,RU,2022-08-11 19:19:54
52,Avarua,-21.2078,-159.775,297.18,78,78,6.17,CK,2022-08-11 19:10:45
53,Hofn,64.2539,-15.2082,284.23,83,100,7.13,IS,2022-08-11 19:19:55
54,Longyearbyen,78.2186,15.6401,281.06,76,75,3.6,SJ,2022-08-11 19:13:38
55,Artyom,40.4723,50.333,297.23,56,0,3.11,AZ,2022-08-11 19:19:55
56,Chokurdakh,70.6333,147.9167,282.62,72,100,3.54,RU,2022-08-11 19:14:56
57,Norheimsund,60.3709,6.1456,292.12,82,71,1.69,NO,2022-08-11 19:19:56
58,Gafanha Da Encarnacao,40.6181,-8.733,295.94,69,0,1.21,PT,2022-08-11 19:19:56
59,Barrow,71.2906,-156.7887,280.16,87,100,9.26,US,2022-08-11 19:10:57
60,Port Alfred,-33.5906,26.891,290.73,83,100,3.66,ZA,2022-08-11 19:12:34
61,East London,-33.0153,27.9116,292.09,80,100,2.39,ZA,2022-08-11 19:15:48
62,Bubaque,11.2833,-15.8333,300.13,82,100,7.47,GW,2022-08-11 19:15:02
63,Port Elizabeth,-33.918,25.5701,287.09,100,0,0.0,ZA,2022-08-11 19:14:58
64,Dubbo,-32.25,148.6167,284.22,93,75,4.63,AU,2022-08-11 19:19:51
65,Swift Current,50.2834,-107.8014,297.6,60,0,8.23,CA,2022-08-11 19:19:58
66,Toktogul,41.8708,72.9402,294.3,53,16,0.72,KG,2022-08-11 19:19:58
67,Cherskiy,68.75,161.3,289.21,61,90,1.69,RU,2022-08-11 19:10:51
68,Aklavik,68.2191,-135.0107,289.53,44,12,2.59,CA,2022-08-11 19:17:57
69,Gasa,31.5,34.4667,299.19,74,0,3.42,PS,2022-08-11 19:19:59
70,San Andres,12.5847,-81.7006,300.16,94,75,5.66,CO,2022-08-11 19:20:00
71,Okhotsk,59.3833,143.3,286.69,96,100,1.5,RU,2022-08-11 19:17:54
72,Miri,4.4148,114.0089,300.23,94,40,0.51,MY,2022-08-11 19:20:01
73,Dingle,10.9995,122.6711,297.72,88,55,0.85,PH,2022-08-11 19:20:02
74,Potsdam,52.3989,13.0657,299.31,30,48,2.64,DE,2022-08-11 19:20:03
75,Tiarei,-17.5333,-149.3333,300.16,75,4,5.73,PF,2022-08-11 19:20:03
76,Isangel,-19.55,169.2667,293.81,63,6,6.62,VU,2022-08-11 19:12:22
77,Vao,-22.6667,167.4833,293.15,57,5,7.46,NC,2022-08-11 19:20:05
78,Port Augusta,-32.5,137.7667,282.91,94,97,2.31,AU,2022-08-11 19:20:05
79,Codrington,-38.2667,141.9667,281.18,78,100,3.12,AU,2022-08-11 19:19:16
80,Saint-Philippe,-21.3585,55.7679,291.05,68,46,6.5,RE,2022-08-11 19:10:59
81,Tuktoyaktuk,69.4541,-133.0374,283.17,78,100,4.85,CA,2022-08-11 19:11:08
82,Tres Arroyos,-38.3739,-60.2798,289.46,48,0,7.74,AR,2022-08-11 19:20:07
83,Sisimiut,66.9395,-53.6735,279.99,73,100,3.32,GL,2022-08-11 19:20:07
84,Butaritari,3.0707,172.7902,300.85,73,99,5.16,KI,2022-08-11 19:12:22
85,Grindavik,63.8424,-22.4338,284.12,81,75,5.66,IS,2022-08-11 19:20:08
86,Mananjary,-21.2167,48.3333,292.66,77,48,1.84,MG,2022-08-11 19:20:08
87,Victoria,22.2855,114.1577,300.55,92,100,1.79,HK,2022-08-11 19:08:13
88,Provideniya,64.3833,-173.3,283.1,92,100,3.24,RU,2022-08-11 19:13:47
89,Natal,-5.795,-35.2094,302.27,70,40,6.17,BR,2022-08-11 19:20:09
90,Kara-Tyube,44.6336,45.4369,301.64,37,7,9.23,RU,2022-08-11 19:20:10
91,Nanortalik,60.1432,-45.2371,281.03,89,61,3.9,GL,2022-08-11 19:20:11
92,Port Lincoln,-34.7333,135.8667,285.34,78,97,8.53,AU,2022-08-11 19:15:19
93,Ilinge,-31.9768,27.0427,287.99,25,90,2.82,ZA,2022-08-11 19:21:11
94,Rio Grande,-32.035,-52.0986,293.21,72,0,2.46,BR,2022-08-11 19:19:43
95,Hobart,-42.8794,147.3294,279.85,91,81,2.06,AU,2022-08-11 19:20:08
96,Kota Kinabalu,5.9749,116.0724,299.14,89,20,2.24,MY,2022-08-11 19:21:12
97,Bredasdorp,-34.5322,20.0403,285.07,83,100,2.25,ZA,2022-08-11 19:13:41
98,Kungurtug,50.5994,97.5228,286.35,68,99,0.63,RU,2022-08-11 19:21:13
99,Bloomfield,40.8068,-74.1854,306.77,36,0,4.12,US,2022-08-11 19:19:49
100,Atar,20.5169,-13.0499,314.13,17,100,5.46,MR,2022-08-11 19:20:23
101,Ponta Do Sol,32.6667,-17.1,297.11,69,68,2.06,PT,2022-08-11 19:13:40
102,Xichang,27.8964,102.2634,292.84,86,86,1.09,CN,2022-08-11 19:17:07
103,Acapulco,16.8634,-99.8901,303.05,66,100,2.57,MX,2022-08-11 19:17:10
104,Kabare,-2.4683,28.8242,292.64,60,97,0.75,CD,2022-08-11 19:21:15
105,Mapiri,-15.25,-68.1667,302.34,45,13,1.15,BO,2022-08-11 19:21:16
106,Fuerte Olimpo,-21.0415,-57.8738,298.67,24,0,2.07,PY,2022-08-11 19:21:17
107,Mareeba,-17.0,145.4333,291.55,99,34,0.88,AU,2022-08-11 19:21:18
108,Sur,22.5667,59.5289,304.96,60,100,4.28,OM,2022-08-11 19:21:18
109,Kahului,20.8947,-156.47,302.16,59,20,8.23,US,2022-08-11 19:13:48
110,Lorengau,-2.0226,147.2712,299.93,78,29,2.24,PG,2022-08-11 19:13:41
111,Thompson,55.7435,-97.8558,299.38,33,0,5.16,CA,2022-08-11 19:13:40
112,Teya,60.3778,92.6267,280.89,86,0,1.39,RU,2022-08-11 19:21:20
113,Ribeira Grande,38.5167,-28.7,298.37,73,40,6.17,PT,2022-08-11 19:16:37
114,Cortez,37.3489,-108.5859,303.11,33,0,5.66,US,2022-08-11 19:21:21
115,Buckeye,33.3703,-112.5838,311.93,35,72,3.6,US,2022-08-11 19:21:22
116,Kamiiso,41.8167,140.65,295.34,97,100,3.26,JP,2022-08-11 19:21:22
117,Tiksi,71.6872,128.8694,278.21,97,100,5.53,RU,2022-08-11 19:15:05
118,Castro,-24.7911,-50.0119,288.16,50,0,3.24,BR,2022-08-11 19:21:23
119,Lebu,-37.6167,-73.65,284.71,77,100,1.9,CL,2022-08-11 19:12:26
120,Vardo,70.3705,31.1107,286.14,82,75,6.17,NO,2022-08-11 19:20:45
121,Atuona,-9.8,-139.0333,298.06,74,78,12.19,PF,2022-08-11 19:21:25
122,Kupang,-10.1667,123.5833,297.98,84,51,5.48,ID,2022-08-11 19:21:26
123,Ozernovskiy,51.5,156.5167,288.02,88,100,1.14,RU,2022-08-11 19:21:26
124,Starobachaty,54.2425,86.2072,288.95,89,84,0.98,RU,2022-08-11 19:21:27
125,Hanyang,32.1371,105.5126,298.23,82,99,0.76,CN,2022-08-11 19:21:27
126,Hirson,49.9226,4.0826,299.74,34,100,3.55,FR,2022-08-11 19:21:28
127,Pokhara,28.2333,83.9833,295.91,87,96,0.82,NP,2022-08-11 19:21:28
128,Iquique,-20.2208,-70.1431,289.17,64,3,2.35,CL,2022-08-11 19:19:39
129,Nusaybin,37.0778,41.2178,304.89,27,0,2.81,TR,2022-08-11 19:21:29
130,Prince Rupert,54.3161,-130.3201,289.2,88,100,1.03,CA,2022-08-11 19:12:33
131,Nishihara,26.1842,127.7558,300.75,89,0,3.09,JP,2022-08-11 19:21:30
132,Pachperwa,27.5167,82.65,302.21,66,54,5.06,IN,2022-08-11 19:21:30
133,Talnakh,69.4865,88.3972,281.45,74,81,1.34,RU,2022-08-11 19:16:40
134,North Bend,43.4065,-124.2243,297.73,88,20,3.6,US,2022-08-11 19:21:31
135,Labuhan,-6.8844,112.2051,298.43,87,100,2.96,ID,2022-08-11 19:21:31
136,Bourg-En-Bresse,46.1667,5.1667,304.05,41,0,2.17,FR,2022-08-11 19:21:32
137,Ilulissat,69.2167,-51.1,279.16,87,75,1.54,GL,2022-08-11 19:19:26
138,Lavrentiya,65.5833,-171.0,279.24,90,68,2.2,RU,2022-08-11 19:18:07
139,Hermanus,-34.4187,19.2345,285.26,78,100,6.06,ZA,2022-08-11 19:22:33
140,Xuddur,4.1213,43.8894,297.97,53,100,8.73,SO,2022-08-11 19:22:34
141,Itoman,26.1247,127.6694,301.16,89,100,3.09,JP,2022-08-11 19:22:34
142,Saldanha,-33.0117,17.9442,286.78,87,100,3.95,ZA,2022-08-11 19:18:18
143,Valparaiso,-33.0393,-71.6273,284.53,97,100,5.14,CL,2022-08-11 19:19:27
144,Cidreira,-30.1811,-50.2056,290.09,70,0,3.02,BR,2022-08-11 19:22:35
145,Ucluelet,48.9329,-125.5528,291.53,84,0,0.45,CA,2022-08-11 19:22:36
146,Chumikan,54.7183,135.315,285.2,98,100,0.87,RU,2022-08-11 19:22:36
147,Petropavlovsk-Kamchatskiy,53.0452,158.6483,283.48,100,100,2.0,RU,2022-08-11 19:22:37
148,Qaanaaq,77.484,-69.3632,277.04,72,98,3.37,GL,2022-08-11 19:18:49
149,Clyde River,70.4692,-68.5914,280.32,70,100,3.32,CA,2022-08-11 19:13:46
150,Kodiak,57.79,-152.4072,286.88,88,100,3.09,US,2022-08-11 19:22:37
151,Pevek,69.7008,170.3133,275.8,92,90,2.64,RU,2022-08-11 19:17:58
152,Tautira,-17.7333,-149.15,298.53,76,10,6.3,PF,2022-08-11 19:20:59
153,Talcahuano,-36.7167,-73.1167,284.97,71,20,4.12,CL,2022-08-11 19:22:38
154,Togitsu,32.8333,129.85,302.03,83,100,2.6,JP,2022-08-11 19:22:39
155,Chiang Klang,19.2938,100.8617,296.58,100,100,1.14,TH,2022-08-11 19:22:39
156,Cabo San Lucas,22.8909,-109.9124,308.49,59,20,4.63,MX,2022-08-11 19:15:30
157,Krasnoselkup,65.7,82.4667,282.97,68,100,3.14,RU,2022-08-11 19:22:40
158,Christchurch,-43.5333,172.6333,270.64,100,6,0.0,NZ,2022-08-11 19:17:51
159,Ofunato,39.0717,141.7167,296.82,97,100,2.63,JP,2022-08-11 19:22:40
160,Sarahan,31.5167,77.8,290.41,74,100,1.66,IN,2022-08-11 19:22:41
161,Sao Filipe,14.8961,-24.4956,299.58,72,5,5.16,CV,2022-08-11 19:13:40
162,Oktyabrskiy,54.4815,53.471,288.23,75,98,2.03,RU,2022-08-11 19:22:41
163,Laguna,38.421,-121.4238,305.55,46,0,3.09,US,2022-08-11 19:18:06
164,Iquitos,-3.7481,-73.2472,299.17,69,75,1.54,PE,2022-08-11 19:22:04
165,Aguimes,27.9054,-15.4461,295.5,69,40,11.83,ES,2022-08-11 19:22:42
166,Tasiilaq,65.6145,-37.6368,277.24,81,29,1.27,GL,2022-08-11 19:22:43
167,Lukoyanov,55.0277,44.4786,288.86,68,0,2.45,RU,2022-08-11 19:22:43
168,Chifeng,42.2683,118.9636,293.16,70,100,0.14,CN,2022-08-11 19:22:43
169,Lumeje,-11.55,20.7833,293.22,19,7,2.05,AO,2022-08-11 19:22:44
170,Doha,25.2867,51.5333,308.14,79,0,2.06,QA,2022-08-11 19:17:45
171,Bichena,10.45,38.2,285.67,89,100,1.66,ET,2022-08-11 19:22:44
172,Akyab,20.15,92.9,299.3,89,98,0.96,MM,2022-08-11 19:22:45
173,Beloha,-25.1667,45.05,292.31,62,0,4.12,MG,2022-08-11 19:13:42
174,Port Antonio,18.18,-76.4612,304.1,63,0,5.38,JM,2022-08-11 19:22:45
175,Dunedin,-45.8742,170.5036,275.26,76,3,0.89,NZ,2022-08-11 19:10:34
176,Husavik,66.0449,-17.3389,285.05,67,100,2.61,IS,2022-08-11 19:17:44
177,Kaohsiung,22.6163,120.3133,299.84,85,75,2.06,TW,2022-08-11 19:22:46
178,Norman Wells,65.282,-126.8329,290.17,45,75,2.06,CA,2022-08-11 19:19:02
179,Ambulu,-8.345,113.6058,297.13,93,57,1.27,ID,2022-08-11 19:22:47
180,Baiyin,36.5583,104.2081,297.14,63,34,3.88,CN,2022-08-11 19:22:48
181,Atambua,-9.1061,124.8925,294.92,87,33,2.13,ID,2022-08-11 19:22:48
182,Paka,4.6374,103.4368,299.11,100,35,0.0,MY,2022-08-11 19:22:48
183,Caravelas,-17.7125,-39.2481,297.85,64,100,4.37,BR,2022-08-11 19:23:49
184,Biak,-0.9131,122.8766,297.65,86,96,0.41,ID,2022-08-11 19:19:04
185,Sivas,39.7916,37.0019,290.5,77,0,3.6,TR,2022-08-11 19:23:49
186,Iqaluit,63.7506,-68.5145,285.0,62,40,3.09,CA,2022-08-11 19:23:50
187,Nicolas Romero,19.6219,-99.3131,296.27,38,99,3.01,MX,2022-08-11 19:21:52
188,Leh,34.1667,77.5833,294.69,32,100,2.7,IN,2022-08-11 19:23:50
189,Hami,42.8,93.45,304.16,26,11,6.01,CN,2022-08-11 19:23:51
190,Kalabo,-14.97,22.6814,292.64,21,0,2.41,ZM,2022-08-11 19:23:51
191,Broken Hill,-31.95,141.4333,281.5,51,10,6.97,AU,2022-08-11 19:23:52
192,Llaillay,-32.85,-70.9667,294.95,51,90,3.05,CL,2022-08-11 19:23:52
193,Mahebourg,-20.4081,57.7,293.85,64,20,6.17,MU,2022-08-11 19:23:53
194,Port-Gentil,-0.7193,8.7815,296.13,88,20,3.09,GA,2022-08-11 19:23:53
195,Ruteng,-8.6136,120.4721,289.54,95,88,1.17,ID,2022-08-11 19:21:44
196,Batagay-Alyta,67.8006,130.4114,282.68,83,99,2.47,RU,2022-08-11 19:23:54
197,Nouadhibou,20.931,-17.0347,297.14,73,1,10.29,MR,2022-08-11 19:23:20
198,Tadepallegudem,16.8333,81.5,298.6,92,100,0.78,IN,2022-08-11 19:23:54
199,Wajir,1.7471,40.0573,299.39,47,81,9.27,KE,2022-08-11 19:23:55
200,Buraydah,26.326,43.975,311.4,16,23,6.24,SA,2022-08-11 19:23:55
201,Gambela,8.25,34.5833,294.81,95,100,1.22,ET,2022-08-11 19:23:55
202,Nicoya,10.1483,-85.452,302.14,73,99,0.31,CR,2022-08-11 19:22:00
203,Sitka,57.0531,-135.33,290.09,77,75,2.57,US,2022-08-11 19:23:56
204,Hvide Sande,56.0045,8.1294,292.64,73,2,4.44,DK,2022-08-11 19:22:18
205,Constitucion,-35.3333,-72.4167,286.3,65,0,3.89,CL,2022-08-11 19:20:57
206,Paracatu,-17.2222,-46.8747,299.42,20,100,1.44,BR,2022-08-11 19:23:57
207,Arraial Do Cabo,-22.9661,-42.0278,294.13,78,40,11.32,BR,2022-08-11 19:23:02
208,Plettenberg Bay,-34.0527,23.3716,287.25,85,100,0.45,ZA,2022-08-11 19:19:45
209,Letka,59.6011,49.4232,285.99,80,37,2.61,RU,2022-08-11 19:23:58
210,Ostrovnoy,68.0531,39.5131,285.18,88,7,3.1,RU,2022-08-11 19:23:58
211,Altay,47.8667,88.1167,292.36,38,2,2.74,CN,2022-08-11 19:23:58
212,Yulara,-25.2406,130.9889,280.86,44,0,4.09,AU,2022-08-11 19:23:59
213,Bichura,50.5881,107.6022,286.69,85,43,0.9,RU,2022-08-11 19:23:59
214,Luderitz,-26.6481,15.1594,287.0,84,32,3.97,NA,2022-08-11 19:24:00
215,Neuquen,-38.9516,-68.0591,290.09,34,0,1.03,AR,2022-08-11 19:24:00
216,Mollendo,-17.0231,-72.0147,290.3,77,37,3.51,PE,2022-08-11 19:24:01
217,Bambous Virieux,-20.3428,57.7575,293.83,64,20,6.17,MU,2022-08-11 19:24:01
218,Vagur,61.4732,-6.8119,284.21,84,100,6.08,FO,2022-08-11 19:24:01
219,Souillac,-20.5167,57.5167,293.36,64,20,6.17,MU,2022-08-11 19:20:28
220,Benguela,-12.5763,13.4055,293.66,83,55,1.57,AO,2022-08-11 19:21:57
221,Yerbogachen,61.2767,108.0108,284.96,98,73,2.34,RU,2022-08-11 19:24:03
222,Tromso,69.6496,18.957,283.16,81,75,8.75,NO,2022-08-11 19:24:03
223,Port Hardy,50.6996,-127.4199,289.25,100,100,1.03,CA,2022-08-11 19:24:03
224,Bandar-E Lengeh,26.5579,54.8807,308.81,58,100,1.45,IR,2022-08-11 19:24:04
225,Ponta Delgada,37.7333,-25.6667,297.55,64,20,3.6,PT,2022-08-11 19:24:04
226,Kargasok,59.0556,80.8572,284.47,67,7,3.15,RU,2022-08-11 19:24:05
227,Whitehorse,60.7161,-135.0538,285.82,83,75,5.14,CA,2022-08-11 19:21:34
228,Faanui,-16.4833,-151.75,298.73,76,11,6.4,PF,2022-08-11 19:24:31
229,Araouane,18.9048,-3.5265,312.12,24,3,1.85,ML,2022-08-11 19:21:12
230,Viedma,-40.8135,-62.9967,291.55,27,0,6.1,AR,2022-08-11 19:25:06
231,Bafoulabe,13.8065,-10.8321,300.04,86,100,1.95,ML,2022-08-11 19:25:07
232,Palmer,42.1584,-72.3287,304.05,47,75,3.09,US,2022-08-11 19:25:07
233,Winslow,35.0242,-110.6974,302.25,39,0,5.66,US,2022-08-11 19:25:08
234,Aasiaat,68.7098,-52.8699,276.21,88,98,1.66,GL,2022-08-11 19:25:08
235,Jieshi,22.8134,115.8257,300.13,82,100,1.53,CN,2022-08-11 19:25:09
236,Baturyn,51.3457,32.8779,294.59,75,53,6.35,UA,2022-08-11 19:25:09
237,Nesna,66.1967,13.0213,284.58,86,100,7.72,NO,2022-08-11 19:25:09
238,Joshimath,30.5667,79.5667,293.64,72,100,1.9,IN,2022-08-11 19:25:10
239,Ballina,-28.8667,153.5667,285.25,99,100,2.37,AU,2022-08-11 19:25:11
240,Kahramanmaras,38.0,37.0,295.63,59,33,2.2,TR,2022-08-11 19:25:11
241,Kamsack,51.5667,-101.9009,295.23,51,100,5.85,CA,2022-08-11 19:25:11
242,Arman,59.7,150.1667,287.05,96,100,0.94,RU,2022-08-11 19:25:12
243,Tahoua,14.8888,5.2692,301.62,61,10,7.75,NE,2022-08-11 19:25:12
244,Shimoda,34.6667,138.95,298.21,90,100,6.11,JP,2022-08-11 19:25:13
245,Preston,53.7667,-2.7167,300.14,67,5,2.54,GB,2022-08-11 19:25:13
246,Mirabad,30.4362,61.8383,303.15,17,86,11.64,AF,2022-08-11 19:25:13
247,Kintampo,8.0563,-1.7306,299.05,68,100,2.51,GH,2022-08-11 19:24:29
248,Severo-Yeniseyskiy,60.3725,93.0408,279.52,83,1,1.03,RU,2022-08-11 19:25:14
249,Lekoni,-1.5843,14.2591,301.77,40,84,3.66,GA,2022-08-11 19:25:15
250,Lasa,46.6166,10.7002,291.6,81,100,1.57,IT,2022-08-11 19:25:15
251,Port Hueneme,34.1478,-119.1951,310.48,62,0,5.66,US,2022-08-11 19:25:00
252,Kaitangata,-46.2817,169.8464,272.64,91,8,2.75,NZ,2022-08-11 19:25:16
253,Kysyl-Syr,63.8986,122.7617,288.3,78,100,2.06,RU,2022-08-11 19:25:16
254,Raahe,64.6833,24.4833,288.2,66,21,9.79,FI,2022-08-11 19:25:16
255,Tabuk,17.4189,121.4443,296.67,92,100,0.54,PH,2022-08-11 19:25:17
256,Vieques,18.425,-65.8329,305.19,66,75,6.69,PR,2022-08-11 19:25:17
257,La Ronge,55.1001,-105.2842,299.27,53,40,3.09,CA,2022-08-11 19:25:18
258,Esperance,-33.8667,121.9,285.42,69,94,4.17,AU,2022-08-11 19:25:18
259,Nikolskoye,59.7035,30.7861,293.09,66,100,3.53,RU,2022-08-11 19:25:19
260,Bethel,41.3712,-73.414,304.92,45,0,1.54,US,2022-08-11 19:22:02
261,Lufilufi,-13.8745,-171.5986,299.03,82,34,7.2,WS,2022-08-11 19:24:25
262,Wilmington,34.2257,-77.9447,308.1,50,0,6.69,US,2022-08-11 19:21:06
263,Savannah Bight,16.45,-85.85,301.06,78,57,5.71,HN,2022-08-11 19:25:20
264,Chanthaburi,12.8333,102.1667,291.44,96,100,0.3,TH,2022-08-11 19:25:20
265,Ketchikan,55.3422,-131.6461,292.41,68,0,6.17,US,2022-08-11 19:25:20
266,Puerto Escondido,15.85,-97.0667,303.61,62,40,1.54,MX,2022-08-11 19:23:51
267,Ancud,-41.8697,-73.8203,282.33,92,100,9.25,CL,2022-08-11 19:25:21
268,Leningradskiy,69.3833,178.4167,281.01,83,95,1.03,RU,2022-08-11 19:25:22
269,Saskatoon,52.1168,-106.6345,294.14,64,100,6.17,CA,2022-08-11 19:25:04
270,Corn Island,12.1694,-83.0418,300.77,80,100,6.44,NI,2022-08-11 19:22:15
271,Dikson,73.5069,80.5464,279.94,93,99,8.63,RU,2022-08-11 19:25:23
272,Westport,41.1415,-73.3579,305.62,61,0,4.63,US,2022-08-11 19:21:51
273,Ossora,59.2353,163.0719,286.06,89,16,1.59,RU,2022-08-11 19:26:24
274,Comodoro Rivadavia,-45.8667,-67.5,289.07,36,40,7.2,AR,2022-08-11 19:24:45
275,Baghdad,33.3406,44.4009,308.1,26,0,5.66,IQ,2022-08-11 19:26:24
276,Mecca,21.4267,39.8261,308.45,44,89,2.07,SA,2022-08-11 19:21:49
277,Asfi,32.2994,-9.2372,295.64,75,0,7.33,MA,2022-08-11 19:26:25
278,Basavana Bagevadi,16.5833,75.9667,295.92,83,36,8.65,IN,2022-08-11 19:26:25
279,Umm Lajj,25.0213,37.2685,307.6,48,99,3.09,SA,2022-08-11 19:26:26
280,Whitehaven,54.549,-3.5841,295.18,62,49,0.45,GB,2022-08-11 19:26:26
281,Clarence Town,-32.5833,151.7833,286.4,76,100,1.02,AU,2022-08-11 19:26:27
282,Voi,-3.3945,38.563,293.06,77,61,4.57,KE,2022-08-11 19:26:27
283,Nome,64.5011,-165.4064,283.24,93,100,3.6,US,2022-08-11 19:26:27
284,Kenai,60.5544,-151.2583,289.2,92,100,4.63,US,2022-08-11 19:22:47
285,Kruisfontein,-34.0033,24.7314,285.86,91,100,0.71,ZA,2022-08-11 19:26:28
286,Dalbandin,28.8947,64.4101,306.51,14,1,5.35,PK,2022-08-11 19:26:28
287,Beyneu,45.3167,55.2,303.19,20,0,1.74,KZ,2022-08-11 19:26:29
288,Baijiantan,45.6333,85.1833,301.93,33,3,1.98,CN,2022-08-11 19:26:29
289,Pregradnoye,45.8218,41.7469,301.2,35,100,6.56,RU,2022-08-11 19:26:30
290,Alto Araguaia,-17.3147,-53.2153,298.13,19,0,2.21,BR,2022-08-11 19:26:30
291,Qaqortoq,60.7167,-46.0333,281.94,84,39,2.24,GL,2022-08-11 19:26:30
292,Palmerston,-12.486,130.9833,296.14,93,4,1.54,AU,2022-08-11 19:21:51
293,Jaca,42.569,-0.5499,301.48,53,0,0.8,ES,2022-08-11 19:26:31
294,Bandarbeyla,9.4942,50.8122,298.4,75,100,13.22,SO,2022-08-11 19:26:31
295,Udachnyy,66.4167,112.4,282.29,100,100,9.41,RU,2022-08-11 19:26:32
296,Diamantino,-14.4086,-56.4461,302.3,19,0,2.54,BR,2022-08-11 19:26:32
297,Pundaguitan,6.3711,126.1689,301.03,76,27,2.46,PH,2022-08-11 19:26:33
298,Belawan,3.7755,98.6832,298.31,91,100,2.58,ID,2022-08-11 19:26:33
299,Dong Hoi,17.4833,106.6,299.28,81,100,1.9,VN,2022-08-11 19:26:34
300,Alofi,-19.0595,-169.9187,298.09,83,100,3.6,NU,2022-08-11 19:23:09
301,Namibe,-15.1961,12.1522,290.0,89,62,1.99,AO,2022-08-11 19:25:45
302,Broome,42.2506,-75.833,302.98,46,0,5.14,US,2022-08-11 19:26:34
303,Georgiyevka,43.0369,74.7114,292.17,72,20,2.0,KZ,2022-08-11 19:26:35
304,San Carlos De Bariloche,-41.1456,-71.3082,283.01,57,40,9.77,AR,2022-08-11 19:21:41
305,Poum,-20.2333,164.0167,293.18,62,0,3.28,NC,2022-08-11 19:24:28
306,Kudahuvadhoo,2.6708,72.8944,300.19,79,30,3.41,MV,2022-08-11 19:26:36
307,Shubarshi,48.5872,57.1869,301.91,26,85,1.69,KZ,2022-08-11 19:26:36
308,Mantua,45.1667,10.7833,301.73,54,25,0.45,IT,2022-08-11 19:26:36
309,Grand Gaube,-20.0064,57.6608,293.92,65,93,3.58,MU,2022-08-11 19:26:37
310,Novita,4.9551,-76.6053,300.48,87,97,2.02,CO,2022-08-11 19:26:37
311,Nyeri,-0.4201,36.9476,287.85,80,95,3.74,KE,2022-08-11 19:26:38
312,Pacific Grove,36.6177,-121.9166,300.03,76,20,6.17,US,2022-08-11 19:26:38
313,Laukaa,58.7372,29.8453,289.52,71,87,2.54,RU,2022-08-11 19:26:39
314,Benjamin Constant,-4.3831,-70.0311,300.22,65,75,1.03,BR,2022-08-11 19:27:39
315,Prieska,-29.6641,22.7474,291.03,20,0,2.36,ZA,2022-08-11 19:27:39
316,Guaitarilla,1.1386,-77.553,292.51,76,100,2.46,CO,2022-08-11 19:27:40
317,Urumqi,43.801,87.6005,295.68,57,0,2.0,CN,2022-08-11 19:24:02
318,Methoni,36.8197,21.7049,300.07,68,56,3.28,GR,2022-08-11 19:27:40
319,Touros,-5.1989,-35.4608,300.05,71,22,6.04,BR,2022-08-11 19:20:20
320,Brae,60.3964,-1.353,285.75,97,100,3.82,GB,2022-08-11 19:27:41
321,Ipixuna,-1.7625,-48.8043,304.66,52,73,2.28,BR,2022-08-11 19:27:42
322,Manggar,-2.8833,108.2667,300.62,82,85,4.1,ID,2022-08-11 19:27:42
323,Pishva,35.308,51.7267,305.32,19,0,3.78,IR,2022-08-11 19:27:42
324,Fairbanks,64.8378,-147.7164,289.87,61,0,0.0,US,2022-08-11 19:24:25
325,Narsaq,60.9167,-46.05,288.27,74,13,1.79,GL,2022-08-11 19:27:43
326,Marsa Matruh,31.3525,27.2453,300.26,65,0,5.14,EG,2022-08-11 19:27:43
327,Marsh Harbour,26.5412,-77.0636,301.8,69,0,5.41,BS,2022-08-11 19:24:03
328,Paratinga,-12.6906,-43.1842,307.26,16,10,2.24,BR,2022-08-11 19:27:44
329,Terrace,54.5163,-128.6035,297.1,56,20,5.14,CA,2022-08-11 19:25:24
330,Samarai,-10.6167,150.6667,299.24,81,97,7.77,PG,2022-08-11 19:23:14
331,Trinidad,-14.8333,-64.9,301.14,30,0,0.0,BO,2022-08-11 19:27:45
332,Ayan,56.45,138.1667,286.2,97,100,5.37,RU,2022-08-11 19:27:45
333,Buala,-8.145,159.5921,299.24,82,84,2.19,SB,2022-08-11 19:25:12
334,Caranavi,-15.8167,-67.55,299.07,42,0,2.11,BO,2022-08-11 19:27:46
335,Cayenne,4.9333,-52.3333,304.17,11,0,2.57,GF,2022-08-11 19:27:04
336,Ust-Maya,60.4167,134.5333,284.85,95,100,1.09,RU,2022-08-11 19:24:12
337,Tura,25.5198,90.2201,296.59,93,38,2.19,IN,2022-08-11 19:27:46
338,Phan Thiet,10.9333,108.1,297.14,89,77,2.49,VN,2022-08-11 19:27:47
339,Walvis Bay,-22.9575,14.5053,285.42,93,1,2.57,NA,2022-08-11 19:27:47
340,Anqing,30.5092,117.0506,301.89,62,100,1.69,CN,2022-08-11 19:27:48
341,Bhatapara,21.7333,81.9333,297.76,93,100,4.71,IN,2022-08-11 19:27:48
342,Pashiya,58.4324,58.2562,286.32,67,100,3.11,RU,2022-08-11 19:27:50
343,Laredo,27.5064,-99.5075,311.31,30,20,2.57,US,2022-08-11 19:24:05
344,Mpika,-11.8343,31.4529,288.0,46,0,2.46,ZM,2022-08-11 19:27:50
345,Brylivka,46.4248,33.1472,296.78,56,100,5.88,UA,2022-08-11 19:27:51
346,Cotonou,6.3654,2.4183,298.14,83,20,5.66,BJ,2022-08-11 19:24:03
347,Shakhtinsk,49.71,72.5872,288.73,82,32,2.85,KZ,2022-08-11 19:27:51
348,Sao Joao Da Barra,-21.6403,-41.0511,299.2,49,97,10.51,BR,2022-08-11 19:27:52
349,Yenagoa,4.9247,6.2642,296.83,93,100,2.27,NG,2022-08-11 19:27:52
350,Torbay,47.6666,-52.7314,289.68,84,100,2.57,CA,2022-08-11 19:27:53
351,Sydney Mines,46.2367,-60.2177,294.83,84,75,4.63,CA,2022-08-11 19:27:53
352,Flinders,-34.5833,150.8552,286.69,80,100,0.89,AU,2022-08-11 19:27:54
353,Namatanai,-3.6667,152.4333,299.19,83,100,3.48,PG,2022-08-11 19:27:54
354,Manuk Mangkaw,4.8,119.85,301.82,69,31,1.94,PH,2022-08-11 19:27:55
355,Tuy Hoa,13.0833,109.3,298.75,82,100,3.57,VN,2022-08-11 19:27:55
356,Haines Junction,60.7522,-137.5108,284.65,87,100,1.06,CA,2022-08-11 19:27:55
357,Iberia,29.9502,-91.7507,304.19,88,100,3.6,US,2022-08-11 19:27:56
358,Seoul,37.5683,126.9778,296.81,97,40,1.54,KR,2022-08-11 19:25:36
359,Jalna,19.8333,75.8833,296.92,83,91,9.4,IN,2022-08-11 19:28:56
360,La Asuncion,11.0333,-63.8628,306.0,52,100,5.66,VE,2022-08-11 19:28:57
361,Zeya,53.75,127.2667,284.68,94,100,0.86,RU,2022-08-11 19:28:57
362,Lagoa,39.05,-27.9833,296.43,79,100,6.21,PT,2022-08-11 19:28:57
363,Asau,46.4333,26.4,289.66,69,60,2.31,RO,2022-08-11 19:28:58
364,Wembley,-31.9333,115.8,284.29,88,0,5.14,AU,2022-08-11 19:28:58
365,Celestun,20.8667,-90.4,303.12,62,42,0.17,MX,2022-08-11 19:28:59
366,Ranong,9.9658,98.6348,299.42,85,100,4.25,TH,2022-08-11 19:24:11
367,Upernavik,72.7868,-56.1549,278.65,80,100,3.28,GL,2022-08-11 19:28:59
368,Georgetown,5.4112,100.3354,301.42,85,20,1.03,MY,2022-08-11 19:29:00
369,Kirakira,-10.4544,161.9205,298.74,87,100,3.77,SB,2022-08-11 19:29:00
370,Torres,-29.3353,-49.7269,289.16,71,13,1.81,BR,2022-08-11 19:29:01
371,Padang,-0.9492,100.3543,299.28,89,92,1.39,ID,2022-08-11 19:29:01
372,Paamiut,61.994,-49.6678,279.49,93,25,4.15,GL,2022-08-11 19:29:02
373,Bambanglipuro,-7.95,110.2833,297.73,92,62,2.12,ID,2022-08-11 19:29:03
374,Havoysund,70.9963,24.6622,283.28,92,100,16.53,NO,2022-08-11 19:29:03
375,Itaueira,-7.6033,-43.0256,309.9,17,0,1.46,BR,2022-08-11 19:29:03
376,Liberal,37.0431,-100.921,306.73,27,0,3.6,US,2022-08-11 19:29:04
377,Hohhot,40.8106,111.6522,293.31,77,0,3.0,CN,2022-08-11 19:29:04
378,Lethem,3.3803,-59.7968,303.83,59,68,1.15,GY,2022-08-11 19:29:05
379,Roald,62.5833,6.1333,289.91,94,75,4.12,NO,2022-08-11 19:27:02
380,Merauke,-8.4667,140.3333,297.42,83,18,6.42,ID,2022-08-11 19:25:05
381,Faya,18.3851,42.4509,293.21,69,92,1.11,SA,2022-08-11 19:24:27
382,Mehamn,71.0357,27.8492,285.12,71,75,11.83,NO,2022-08-11 19:29:06
383,Porto Velho,-8.7619,-63.9039,305.18,33,0,1.54,BR,2022-08-11 19:29:06
384,Bayonet Point,28.3267,-82.6834,304.39,78,100,1.34,US,2022-08-11 19:29:07
385,Olafsvik,64.8945,-23.7142,283.68,78,6,5.76,IS,2022-08-11 19:24:24
386,Mao,39.8885,4.2658,301.46,61,0,1.03,ES,2022-08-11 19:29:07
387,Muzhi,65.3667,64.6667,285.81,97,100,3.11,RU,2022-08-11 19:29:08
388,Storforshei,66.4043,14.5233,284.07,87,75,1.03,NO,2022-08-11 19:29:08
389,Rio Claro,-22.4114,-47.5614,290.63,55,41,5.45,BR,2022-08-11 19:27:49
390,Shingu,33.7333,135.9833,298.83,92,100,0.8,JP,2022-08-11 19:29:09
391,Acajutla,13.5928,-89.8275,302.58,71,19,2.8,SV,2022-08-11 19:29:09
392,Mathbaria,22.2876,89.9593,298.25,95,59,1.62,BD,2022-08-11 19:29:10
393,Kosa,59.9445,54.9977,284.6,81,3,2.75,RU,2022-08-11 19:29:10
394,Kem,64.9555,34.5793,290.14,63,100,7.23,RU,2022-08-11 19:29:10
395,Algiers,36.7525,3.042,299.05,69,0,4.63,DZ,2022-08-11 19:29:11
396,Mogocha,53.7333,119.7667,284.91,97,100,0.53,RU,2022-08-11 19:29:11
397,Gashua,12.871,11.0482,301.09,61,100,4.93,NG,2022-08-11 19:29:12
398,Belaya Gora,68.5333,146.4167,285.21,81,57,5.16,RU,2022-08-11 19:29:12
399,Charlestown,-32.95,151.6667,286.54,91,100,2.24,AU,2022-08-11 19:27:44
400,San Quintin,30.4833,-115.95,298.38,67,100,4.6,MX,2022-08-11 19:29:13
401,Mahibadhoo,3.7833,72.9667,300.11,82,16,3.8,MV,2022-08-11 19:29:13
402,Adilcevaz,38.8039,42.7342,295.6,37,0,2.99,TR,2022-08-11 19:29:14
403,Moose Factory,51.2585,-80.6094,292.14,48,75,6.69,CA,2022-08-11 19:29:14
404,Dnestrovsc,46.6222,29.9133,296.85,54,70,4.89,MD,2022-08-11 19:29:15
405,Guerrero Negro,27.9769,-114.0611,301.46,46,1,6.51,MX,2022-08-11 19:30:15
406,Awbari,26.5921,12.7805,304.28,15,0,2.24,LY,2022-08-11 19:30:16
407,Ewo,-0.8725,14.8206,301.95,40,100,2.84,CG,2022-08-11 19:30:16
408,Bol,13.4586,14.7147,300.68,76,40,6.15,TD,2022-08-11 19:30:17
409,San Clemente,33.427,-117.612,312.9,65,0,2.24,US,2022-08-11 19:30:18
410,Adwa,14.1646,38.8955,289.75,94,100,1.49,ET,2022-08-11 19:30:18
411,Airai,-8.9266,125.4092,286.97,93,61,1.4,TL,2022-08-11 19:30:19
412,Betioky,-23.7167,44.3833,291.91,57,0,4.31,MG,2022-08-11 19:30:19
413,Nueva Loja,0.0847,-76.8828,294.97,90,100,1.07,EC,2022-08-11 19:30:20
414,Gouyave,12.1646,-61.7296,302.58,74,75,3.09,GD,2022-08-11 19:30:20
415,Port Keats,-14.25,129.55,294.98,54,0,3.07,AU,2022-08-11 19:30:21
416,Srednekolymsk,67.45,153.6833,290.72,82,88,2.38,RU,2022-08-11 19:30:21
417,Lumby,50.2498,-118.969,304.92,52,3,2.44,CA,2022-08-11 19:30:14
418,Joao Pinheiro,-17.7425,-46.1725,296.68,22,100,1.72,BR,2022-08-11 19:30:22
419,Tazovskiy,67.4667,78.7,283.95,71,100,4.44,RU,2022-08-11 19:27:13
420,Mitu,1.1983,-70.1733,299.41,88,49,1.31,CO,2022-08-11 19:30:23
421,Jadu,31.953,12.0261,297.88,53,0,4.38,LY,2022-08-11 19:30:23
422,La Palma,33.8464,-118.0467,312.7,47,20,2.57,US,2022-08-11 19:30:24
423,Senanga,-16.1167,23.2667,290.48,25,0,2.56,ZM,2022-08-11 19:30:24
424,Pauini,-7.7136,-66.9764,307.06,33,88,0.59,BR,2022-08-11 19:30:24
425,Port Shepstone,-30.7414,30.455,292.01,83,0,3.86,ZA,2022-08-11 19:30:25
426,Limoges,45.75,1.3333,303.46,25,0,4.12,FR,2022-08-11 19:26:59
427,Praia Da Vitoria,38.7333,-27.0667,297.29,83,75,6.65,PT,2022-08-11 19:30:01
428,Igrim,63.1906,64.4162,286.55,97,100,0.65,RU,2022-08-11 19:30:26
429,Pozoblanco,38.3791,-4.8483,300.08,38,0,2.84,ES,2022-08-11 19:30:26
430,Locri,38.2414,16.2623,296.66,81,20,3.33,IT,2022-08-11 19:30:27
431,Belyy Yar,53.6039,91.3903,289.18,78,0,2.0,RU,2022-08-11 19:30:27
432,Honggang,46.4667,124.8667,288.11,86,11,0.86,CN,2022-08-11 19:30:28
433,Trat,12.5,102.5,300.86,94,100,1.46,TH,2022-08-11 19:30:28
434,Fez,34.0372,-4.9998,308.29,29,75,2.57,MA,2022-08-11 19:30:13
435,San Policarpo,12.1791,125.5072,299.04,86,98,1.63,PH,2022-08-11 19:30:29
436,Pochutla,15.7432,-96.4661,300.05,57,100,3.19,MX,2022-08-11 19:30:29
437,Sarankhola,22.3082,89.7897,298.13,96,73,1.08,BD,2022-08-11 19:30:30
438,Bagdarin,54.4333,113.6,282.17,91,51,1.82,RU,2022-08-11 19:30:30
439,Saint-Pierre,-21.3393,55.4781,293.66,73,0,3.09,RE,2022-08-11 19:30:31
440,Feuchtwangen,49.1667,10.3333,296.14,45,97,3.18,DE,2022-08-11 19:30:31
441,Mangrol,21.1167,70.1167,300.23,90,100,9.26,IN,2022-08-11 19:30:31
442,Beringovskiy,63.05,179.3167,284.64,84,100,7.22,RU,2022-08-11 19:30:32
443,Saravan,39.7196,45.6483,291.01,71,0,3.47,AM,2022-08-11 19:30:32
444,Palaia Fokaia,37.72,23.9463,302.46,48,0,4.93,GR,2022-08-11 19:30:33
445,Hamilton,39.1834,-84.5333,303.56,57,0,4.63,US,2022-08-11 19:30:00
446,Inuvik,68.3499,-133.7218,289.57,55,20,3.6,CA,2022-08-11 19:30:33
447,Nizwa,22.9333,57.5333,306.4,43,99,0.72,OM,2022-08-11 19:30:34
448,Baykit,61.67,96.37,280.65,88,13,1.71,RU,2022-08-11 19:30:34
449,Saint-Augustin,51.226,-58.6502,290.33,85,100,6.6,CA,2022-08-11 19:30:35
450,Kosh-Agach,50.0,88.6667,281.94,88,1,0.72,RU,2022-08-11 19:31:35
451,Rubtsovsk,51.5,81.25,287.89,93,100,1.69,RU,2022-08-11 19:31:36
452,Klaksvik,62.2266,-6.589,284.66,81,100,5.15,FO,2022-08-11 19:31:36
453,Taksimo,56.3444,114.8794,285.43,85,100,1.55,RU,2022-08-11 19:31:37
454,Harrisburg,40.2737,-76.8844,305.69,49,0,3.6,US,2022-08-11 19:31:37
455,Sungairaya,0.7,108.9,299.51,85,72,0.83,ID,2022-08-11 19:31:37
456,Isla Vista,34.4133,-119.861,308.14,51,0,3.09,US,2022-08-11 19:31:38
457,Buchanan,5.8808,-10.0467,297.51,85,90,4.91,LR,2022-08-11 19:31:38
458,Nara,34.6851,135.8049,301.77,65,99,1.09,JP,2022-08-11 19:31:39
459,Vila Velha,-20.3297,-40.2925,298.12,62,0,6.17,BR,2022-08-11 19:31:39
460,Canakkale,40.0833,26.8333,295.47,79,0,2.12,TR,2022-08-11 19:31:40
461,Dewas,22.9667,76.0667,296.31,93,97,5.74,IN,2022-08-11 19:31:40
462,Severnoye,56.3491,78.3619,286.98,90,4,2.94,RU,2022-08-11 19:31:40
463,Le Port,-20.9373,55.2919,293.85,53,31,3.91,RE,2022-08-11 19:31:41
464,Newberg,45.3001,-122.9732,300.81,57,0,0.89,US,2022-08-11 19:29:08
465,Menongue,-14.6585,17.691,288.75,19,3,1.91,AO,2022-08-11 19:31:41
466,Vila Franca Do Campo,37.7167,-25.4333,297.38,82,45,3.59,PT,2022-08-11 19:31:42
467,Kollam,8.8833,76.6,298.3,85,100,4.72,IN,2022-08-11 19:31:42
468,Sechura,-5.5569,-80.8222,296.84,58,72,6.49,PE,2022-08-11 19:31:42
469,Sarangani,5.4033,125.4636,300.44,76,47,1.5,PH,2022-08-11 19:31:43
470,Madang,-5.2246,145.7966,297.97,92,100,0.81,PG,2022-08-11 19:27:16
471,Ntcheu,-14.8203,34.6359,289.31,46,0,1.45,MW,2022-08-11 19:31:43
472,Alibag,18.6411,72.8792,300.19,87,100,10.77,IN,2022-08-11 19:31:44
473,Boa Vista,2.8197,-60.6733,306.14,49,40,5.66,BR,2022-08-11 19:31:44
474,Lima,-12.0432,-77.0282,289.29,72,100,4.12,PE,2022-08-11 19:22:26
475,Nisia Floresta,-6.0911,-35.2086,302.36,79,17,3.18,BR,2022-08-11 19:31:45
476,Botwood,49.1499,-55.3482,291.43,67,90,3.47,CA,2022-08-11 19:31:45
477,Ouesso,1.6136,16.0517,296.58,81,100,0.98,CG,2022-08-11 19:31:46
478,Angoche,-16.2325,39.9086,295.63,74,0,3.57,MZ,2022-08-11 19:31:46
479,Strezhevoy,60.7333,77.5889,284.99,67,80,2.8,RU,2022-08-11 19:29:31
480,Kostomuksha,64.571,30.5767,287.08,68,19,4.93,RU,2022-08-11 19:31:47
481,Te Anau,-45.4167,167.7167,271.72,92,31,0.45,NZ,2022-08-11 19:27:05
482,Mandera,3.9366,41.867,299.77,51,100,7.93,KE,2022-08-11 19:31:47
483,Chiman,32.5463,73.8138,299.03,81,99,2.82,PK,2022-08-11 19:31:48
484,Mafeteng,-29.823,27.2374,285.76,27,99,2.92,LS,2022-08-11 19:31:48
485,Vanavara,60.34,102.2797,283.28,96,27,1.79,RU,2022-08-11 19:27:15
486,Katihar,25.5333,87.5833,299.35,89,7,2.29,IN,2022-08-11 19:31:49
487,Vale,41.6156,42.8722,290.29,92,3,0.88,GE,2022-08-11 19:31:49
488,Pisco,-13.7,-76.2167,290.38,82,40,3.6,PE,2022-08-11 19:29:37
489,Basco,20.4487,121.9702,302.15,71,100,2.27,PH,2022-08-11 19:31:50
490,Lesnoye,58.2841,35.5158,287.57,74,71,2.15,RU,2022-08-11 19:31:50
491,Rincon,32.296,-81.2354,306.13,48,100,2.06,US,2022-08-11 19:29:42
492,Flin Flon,54.7682,-101.865,297.06,53,75,8.23,CA,2022-08-11 19:27:09
493,Simoes,-7.5989,-40.8178,306.98,16,4,2.87,BR,2022-08-11 19:31:51
494,Gacko,43.1672,18.5353,288.23,57,76,2.56,BA,2022-08-11 19:31:51
495,Bilma,18.6853,12.9164,310.08,9,22,4.05,NE,2022-08-11 19:24:38
496,Svetlyy,54.675,20.1347,291.18,71,0,3.55,RU,2022-08-11 19:31:52
497,Vallenar,-28.5708,-70.7581,294.07,37,100,2.46,CL,2022-08-11 19:32:12
498,San Cristobal,7.7669,-72.225,305.25,44,65,3.89,VE,2022-08-11 19:32:37
499,Aykhal,66.0,111.5,280.65,96,100,7.95,RU,2022-08-11 19:32:53
500,Grants,35.1473,-107.8514,297.28,41,75,6.69,US,2022-08-11 19:28:07
501,Collie,-33.3667,116.15,279.49,98,7,2.5,AU,2022-08-11 19:32:53
502,Kununurra,-15.7667,128.7333,295.14,37,7,2.57,AU,2022-08-11 19:32:53
503,Kharitonovo,61.4009,47.4978,289.21,68,100,3.7,RU,2022-08-11 19:32:54
504,Abu Dhabi,24.4667,54.3667,308.16,80,100,2.06,AE,2022-08-11 19:28:28
505,Hailey,43.5196,-114.3153,304.2,49,0,5.14,US,2022-08-11 19:32:55
506,Tursunzoda,38.5144,68.2333,298.36,25,0,1.62,TJ,2022-08-11 19:32:55
507,Lixourion,38.2019,20.4314,299.15,78,20,0.0,GR,2022-08-11 19:32:56
508,Solnechnyy,50.7214,136.6319,284.33,98,98,1.88,RU,2022-08-11 19:32:56
509,Sumbe,-11.2061,13.8437,293.33,88,73,1.7,AO,2022-08-11 19:32:56
510,Cariati,39.4922,16.9594,295.08,76,95,4.59,IT,2022-08-11 19:32:57
511,Sokoni,-6.4333,39.55,297.45,75,79,5.79,TZ,2022-08-11 19:32:57
512,Cangucu,-31.395,-52.6756,290.71,77,61,1.84,BR,2022-08-11 19:32:58
513,Rawah,34.4816,41.9093,305.41,23,0,4.43,IQ,2022-08-11 19:32:58
514,Aldan,58.6031,125.3894,284.55,99,100,1.56,RU,2022-08-11 19:32:58
515,Venice,27.0998,-82.4543,308.14,65,0,3.09,US,2022-08-11 19:32:27
516,Hoquiam,46.9809,-123.8893,298.4,64,0,3.09,US,2022-08-11 19:32:59
517,Katangli,51.7102,143.2326,285.89,88,64,2.28,RU,2022-08-11 19:32:59
518,Vila Do Maio,15.1333,-23.2167,302.59,80,78,6.62,CV,2022-08-11 19:33:00
519,Maniitsoq,65.4167,-52.9,279.91,81,97,5.31,GL,2022-08-11 19:28:17
520,Mount Gambier,-37.8333,140.7667,280.86,97,100,2.31,AU,2022-08-11 19:31:36
521,Pangnirtung,66.1451,-65.7125,284.15,71,40,4.63,CA,2022-08-11 19:33:01
522,Beyla,8.6833,-8.6333,293.97,96,48,1.38,GN,2022-08-11 19:33:01
523,Mandalgovi,45.7625,106.2708,286.27,89,100,4.72,MN,2022-08-11 19:33:02
524,Esna,25.2934,32.554,307.16,19,5,7.53,EG,2022-08-11 19:33:02
525,Conceicao Do Araguaia,-8.2578,-49.2647,309.97,19,51,0.66,BR,2022-08-11 19:33:03
526,Kuching,1.55,110.3333,299.27,89,20,0.0,MY,2022-08-11 19:33:03
527,Kutum,14.2,24.6667,296.28,64,98,2.23,SD,2022-08-11 19:27:14
528,Soyo,-6.1349,12.3689,293.86,88,98,3.23,AO,2022-08-11 19:33:04
529,Hegang,47.4,130.3667,285.14,94,19,2.23,CN,2022-08-11 19:33:05
530,Gao,16.6362,1.637,305.71,40,66,7.04,ML,2022-08-11 19:33:05
531,Goderich,43.7501,-81.7165,292.54,57,0,9.29,CA,2022-08-11 19:33:06
532,Baruun-Urt,46.6806,113.2792,289.44,52,100,2.9,MN,2022-08-11 19:33:06
533,Riyadh,24.6877,46.7219,312.23,16,11,5.6,SA,2022-08-11 19:33:07
534,Sinjar,36.3209,41.8754,304.64,29,0,6.53,IQ,2022-08-11 19:33:07
535,Sinnamary,5.3833,-52.95,301.95,69,51,3.76,GF,2022-08-11 19:33:07
536,Vestmannaeyjar,63.4427,-20.2734,283.7,87,75,4.63,IS,2022-08-11 19:33:08
537,Kaka,37.3482,59.6143,299.91,24,0,1.78,TM,2022-08-11 19:33:08
538,Kisanga,-7.4362,37.7034,297.02,64,97,3.53,TZ,2022-08-11 19:33:09
539,Cervo,43.6702,-7.4101,294.8,92,19,4.4,ES,2022-08-11 19:33:09
540,Hilliard,40.0334,-83.1582,300.09,68,75,4.12,US,2022-08-11 19:33:09
541,Aranos,-24.1333,19.1167,293.98,9,73,1.74,NA,2022-08-11 19:33:10
542,Alugan,12.2188,125.4808,298.83,87,97,1.62,PH,2022-08-11 19:33:10
543,Moroto,2.5345,34.6666,291.94,83,100,1.83,UG,2022-08-11 19:34:11
544,Andenes,69.3143,16.1194,283.14,81,75,8.75,NO,2022-08-11 19:34:11
545,San Vicente,-26.6167,-54.1333,290.47,62,0,0.91,AR,2022-08-11 19:34:12
