City_ID,City,Lat,Lng,Max Temp,Humidity,Cloudiness,Wind Speed,Country,Date,Current Description
0,Bredasdorp,-34.5322,20.0403,284.7,86,100,2.54,ZA,2022-08-11 19:33:45,overcast clouds
1,Mataura,-46.1927,168.8643,271.41,94,17,1.37,NZ,2022-08-11 19:34:10,few clouds
2,Novyy Urengoy,66.0833,76.6333,286.82,57,100,6.29,RU,2022-08-11 19:37:47,overcast clouds
3,Primo Tapia,32.22,-116.9172,304.92,48,3,6.46,MX,2022-08-11 19:39:58,clear sky
4,Petropavlovsk-Kamchatskiy,53.0452,158.6483,283.48,100,100,3.0,RU,2022-08-11 19:38:31,fog
5,Hobart,-42.8794,147.3294,279.85,90,86,2.06,AU,2022-08-11 19:32:26,overcast clouds
6,Agua Branca,-5.8922,-42.6361,307.85,22,12,1.41,BR,2022-08-11 19:39:58,few clouds
7,Yellowknife,62.456,-114.3525,290.44,39,20,6.17,CA,2022-08-11 19:31:01,few clouds
8,Borba,-4.3878,-59.5939,309.67,26,64,1.21,BR,2022-08-11 19:39:59,broken clouds
9,Muzhi,65.3667,64.6667,285.73,98,100,2.84,RU,2022-08-11 19:39:59,overcast clouds
10,Tongliao,43.6125,122.2653,293.11,59,91,1.52,CN,2022-08-11 19:40:00,overcast clouds
11,Punta Arenas,-53.15,-70.9167,277.21,60,40,5.14,CL,2022-08-11 19:31:16,scattered clouds
12,Barrow,71.2906,-156.7887,280.16,87,100,9.26,US,2022-08-11 19:36:10,mist
13,Nikolskoye,59.7035,30.7861,293.09,68,100,3.36,RU,2022-08-11 19:40:01,overcast clouds
14,Bluff,-46.6,168.3333,276.8,85,98,4.76,NZ,2022-08-11 19:33:40,overcast clouds
15,Upington,-28.4478,21.2561,286.36,38,12,2.57,ZA,2022-08-11 19:40:01,few clouds
16,Montepuez,-13.1256,38.9997,292.16,74,7,3.67,MZ,2022-08-11 19:40:02,clear sky
17,Sechura,-5.5569,-80.8222,296.84,58,72,6.49,PE,2022-08-11 19:31:42,broken clouds
18,Mikumi,-7.4041,36.9831,293.67,62,73,0.83,TZ,2022-08-11 19:40:02,broken clouds
19,Saint-Pierre,-21.3393,55.4781,293.66,73,0,3.09,RE,2022-08-11 19:30:31,clear sky
20,Hurricane,37.1753,-113.2899,306.34,32,99,3.49,US,2022-08-11 19:40:03,overcast clouds
21,Anju,39.6178,125.6647,291.37,88,49,0.96,KP,2022-08-11 19:40:03,scattered clouds
22,Kaitangata,-46.2817,169.8464,272.79,90,10,2.77,NZ,2022-08-11 19:40:04,clear sky
23,Albany,42.6001,-73.9662,302.51,51,93,0.45,US,2022-08-11 19:33:40,overcast clouds
24,Westport,41.1415,-73.3579,306.08,57,0,4.63,US,2022-08-11 19:40:04,clear sky
25,Port Elizabeth,-33.918,25.5701,287.09,100,0,0.0,ZA,2022-08-11 19:40:05,clear sky
26,Vanavara,60.34,102.2797,282.7,96,19,1.74,RU,2022-08-11 19:40:05,few clouds
27,Aleksandrovsk-Sakhalinskiy,50.8975,142.1561,287.73,90,100,2.03,RU,2022-08-11 19:40:06,overcast clouds
28,Iqaluit,63.7506,-68.5145,285.0,62,40,3.09,CA,2022-08-11 19:40:06,scattered clouds
29,Saint George,37.1041,-113.5841,307.28,36,0,1.34,US,2022-08-11 19:40:02,clear sky
30,Saint-Philippe,-21.3585,55.7679,291.05,69,41,5.95,RE,2022-08-11 19:34:18,scattered clouds
31,Puerto Ayora,-0.7393,-90.3518,299.13,92,100,4.47,EC,2022-08-11 19:34:15,overcast clouds
32,Mtwara,-10.2667,40.1833,294.44,86,23,4.12,TZ,2022-08-11 19:40:07,few clouds
33,Kapaa,22.0752,-159.319,300.44,73,20,7.2,US,2022-08-11 19:33:41,few clouds
34,Ushuaia,-54.8,-68.3,276.94,87,40,1.03,AR,2022-08-11 19:30:31,scattered clouds
35,Cape Town,-33.9258,18.4232,288.64,77,40,4.63,ZA,2022-08-11 19:35:16,scattered clouds
36,Tuktoyaktuk,69.4541,-133.0374,285.15,82,100,9.26,CA,2022-08-11 19:34:16,light rain
37,Hilo,19.7297,-155.09,304.97,90,100,2.57,US,2022-08-11 19:32:32,overcast clouds
38,San Patricio,28.017,-97.5169,309.55,46,100,2.02,US,2022-08-11 19:33:44,overcast clouds
39,Povenets,62.8487,34.8262,291.11,86,100,5.08,RU,2022-08-11 19:40:09,overcast clouds
40,Kirando,-7.4167,30.6,296.7,51,7,1.81,TZ,2022-08-11 19:40:09,clear sky
41,Chuy,-33.6971,-53.4616,287.2,78,7,2.41,UY,2022-08-11 19:35:28,clear sky
42,Hubli,15.35,75.1667,294.93,89,99,7.85,IN,2022-08-11 19:40:10,overcast clouds
43,Cidreira,-30.1811,-50.2056,289.49,78,2,3.1,BR,2022-08-11 19:40:10,clear sky
44,Chokurdakh,70.6333,147.9167,282.97,70,100,3.71,RU,2022-08-11 19:40:10,overcast clouds
45,Flower Mound,33.0146,-97.097,310.19,43,40,2.57,US,2022-08-11 19:39:09,scattered clouds
46,Rikitea,-23.1203,-134.9692,296.0,72,60,9.7,PF,2022-08-11 19:33:45,broken clouds
47,Port Alfred,-33.5906,26.891,290.27,83,99,3.33,ZA,2022-08-11 19:36:19,overcast clouds
48,Amga,60.8953,131.9608,286.78,86,100,0.83,RU,2022-08-11 19:40:11,overcast clouds
49,Kahului,20.8947,-156.47,302.51,57,20,8.23,US,2022-08-11 19:41:12,few clouds
50,Svetlyy,54.675,20.1347,291.18,71,0,3.55,RU,2022-08-11 19:31:52,clear sky
51,Languyan,5.2618,120.0807,299.36,81,78,0.69,PH,2022-08-11 19:41:12,broken clouds
52,Dikson,73.5069,80.5464,280.09,94,99,9.11,RU,2022-08-11 19:35:30,overcast clouds
53,Tarko-Sale,64.9225,77.785,285.65,62,100,5.18,RU,2022-08-11 19:41:13,overcast clouds
54,Castro,-24.7911,-50.0119,286.74,59,0,2.61,BR,2022-08-11 19:33:42,clear sky
55,Sault Sainte Marie,46.5168,-84.3333,293.46,51,0,8.23,CA,2022-08-11 19:37:23,clear sky
56,Barcelos,41.5388,-8.6151,296.44,82,0,0.83,PT,2022-08-11 19:40:33,clear sky
57,Sorland,67.667,12.6934,284.07,83,91,11.6,NO,2022-08-11 19:41:14,overcast clouds
58,Salinas,36.6777,-121.6555,303.14,61,0,6.17,US,2022-08-11 19:41:15,clear sky
59,Andros Town,24.7,-77.7667,305.13,66,0,7.23,BS,2022-08-11 19:41:15,clear sky
60,Vao,-22.6667,167.4833,293.16,57,14,7.58,NC,2022-08-11 19:41:15,few clouds
61,Kalemie,-5.9475,29.1947,295.59,52,100,0.57,CD,2022-08-11 19:41:16,overcast clouds
62,Ust-Kut,56.7938,105.7672,284.31,96,55,1.17,RU,2022-08-11 19:41:16,broken clouds
63,Ahipara,-35.1667,173.1667,282.77,77,27,2.96,NZ,2022-08-11 19:41:17,scattered clouds
64,Palmer,42.1584,-72.3287,304.05,46,75,3.09,US,2022-08-11 19:41:17,broken clouds
65,Sola,-13.8833,167.55,298.06,74,100,12.85,VU,2022-08-11 19:41:18,overcast clouds
66,Chato,-2.6378,31.7669,296.62,58,90,1.34,TZ,2022-08-11 19:41:18,overcast clouds
67,Eirunepe,-6.6603,-69.8736,305.45,40,31,1.09,BR,2022-08-11 19:41:18,scattered clouds
68,Liwale,-9.7667,37.9333,292.5,71,27,2.08,TZ,2022-08-11 19:41:19,scattered clouds
69,Arraial Do Cabo,-22.9661,-42.0278,294.13,78,40,11.32,BR,2022-08-11 19:34:13,scattered clouds
70,Khatanga,71.9667,102.5,279.88,66,100,2.8,RU,2022-08-11 19:38:35,overcast clouds
71,Svetlaya,46.5389,138.3297,290.12,87,8,2.62,RU,2022-08-11 19:41:20,clear sky
72,Riyadh,24.6877,46.7219,312.23,16,11,5.6,SA,2022-08-11 19:33:07,few clouds
73,Airai,-8.9266,125.4092,286.97,93,61,1.4,TL,2022-08-11 19:41:20,broken clouds
74,Billings,45.7833,-108.5007,306.64,31,40,3.09,US,2022-08-11 19:40:22,scattered clouds
75,Bend,44.0582,-121.3153,301.48,34,0,2.57,US,2022-08-11 19:36:26,clear sky
76,Mahebourg,-20.4081,57.7,293.31,64,20,6.17,MU,2022-08-11 19:35:19,few clouds
77,Calvia,39.5657,2.5062,302.41,74,0,1.7,ES,2022-08-11 19:41:21,clear sky
78,Kosterevo,55.9299,39.6144,287.87,67,5,1.27,RU,2022-08-11 19:41:22,clear sky
79,Hasaki,35.7333,140.8333,300.53,86,17,11.12,JP,2022-08-11 19:41:22,few clouds
80,Ponta Do Sol,32.6667,-17.1,296.5,71,70,1.73,PT,2022-08-11 19:41:23,broken clouds
81,Olafsvik,64.8945,-23.7142,283.62,78,10,5.08,IS,2022-08-11 19:41:23,clear sky
82,Statesboro,32.4488,-81.7832,305.04,65,75,12.86,US,2022-08-11 19:41:23,light rain
83,Leningradskiy,69.3833,178.4167,281.69,80,97,1.03,RU,2022-08-11 19:41:24,overcast clouds
84,Cherskiy,68.75,161.3,288.99,61,95,2.89,RU,2022-08-11 19:36:12,overcast clouds
85,Long,18.0761,99.8326,299.93,99,100,1.4,TH,2022-08-11 19:41:25,moderate rain
86,Rio Cuarto,-33.1307,-64.3499,293.02,30,0,0.0,AR,2022-08-11 19:41:25,clear sky
87,Bengkulu,-3.8004,102.2655,297.78,91,46,1.56,ID,2022-08-11 19:31:08,scattered clouds
88,Yarmouth,41.7057,-70.2286,296.46,93,100,2.57,US,2022-08-11 19:41:25,overcast clouds
89,Mandalgovi,45.7625,106.2708,286.27,89,100,4.72,MN,2022-08-11 19:33:02,overcast clouds
90,Rosetta,31.4044,30.4164,298.83,68,0,3.4,EG,2022-08-11 19:41:26,clear sky
91,Buraydah,26.326,43.975,311.4,17,14,5.39,SA,2022-08-11 19:41:26,few clouds
92,Severo-Kurilsk,50.6789,156.125,286.48,96,95,5.9,RU,2022-08-11 19:36:09,overcast clouds
93,Valley City,46.9233,-98.0032,295.44,64,20,3.09,US,2022-08-11 19:41:27,few clouds
94,Lieksa,63.3167,30.0167,288.89,79,63,4.62,FI,2022-08-11 19:42:27,broken clouds
95,Tasiilaq,65.6145,-37.6368,277.24,82,29,1.18,GL,2022-08-11 19:35:28,scattered clouds
96,Atuona,-9.8,-139.0333,298.06,74,78,12.19,PF,2022-08-11 19:29:34,broken clouds
97,Georgetown,5.4112,100.3354,301.42,86,20,1.03,MY,2022-08-11 19:41:49,few clouds
98,Babstovo,48.1167,132.4833,287.24,91,79,1.35,RU,2022-08-11 19:42:28,broken clouds
99,Jamestown,42.097,-79.2353,297.92,45,75,4.63,US,2022-08-11 19:33:44,broken clouds
100,Vaini,-21.2,-175.2,296.24,83,40,5.14,TO,2022-08-11 19:33:43,scattered clouds
101,Pisco,-13.7,-76.2167,290.38,82,40,3.6,PE,2022-08-11 19:40:14,mist
102,Sint-Laureins,51.242,3.5244,298.14,59,59,3.73,BE,2022-08-11 19:42:29,broken clouds
103,Kavieng,-2.5744,150.7967,300.44,78,96,5.43,PG,2022-08-11 19:33:40,overcast clouds
104,Araouane,18.9048,-3.5265,311.72,24,2,2.02,ML,2022-08-11 19:36:13,clear sky
105,Provideniya,64.3833,-173.3,283.42,91,100,2.71,RU,2022-08-11 19:42:30,overcast clouds
106,Vestmannaeyjar,63.4427,-20.2734,283.7,87,75,4.63,IS,2022-08-11 19:33:08,light rain
107,Busselton,-33.65,115.3333,282.73,87,3,4.45,AU,2022-08-11 19:31:07,clear sky
108,Klyuchi,52.2667,79.1667,289.35,90,88,2.69,RU,2022-08-11 19:42:31,overcast clouds
109,Tecoanapa,16.5167,-98.75,302.68,61,100,4.18,MX,2022-08-11 19:42:31,overcast clouds
110,Lebu,-37.6167,-73.65,284.54,80,100,1.77,CL,2022-08-11 19:42:32,overcast clouds
111,Lagoa,39.05,-27.9833,296.4,81,100,6.11,PT,2022-08-11 19:42:32,overcast clouds
112,Inta,66.0317,60.1659,283.33,90,42,3.69,RU,2022-08-11 19:42:33,scattered clouds
113,Ust-Shonosha,61.1531,41.343,289.65,65,100,4.56,RU,2022-08-11 19:42:33,overcast clouds
114,Blajeni,46.2333,22.9,288.41,70,32,2.7,RO,2022-08-11 19:42:33,scattered clouds
115,Urucara,-2.5364,-57.76,309.34,26,71,1.9,BR,2022-08-11 19:42:34,broken clouds
116,Goderich,43.7501,-81.7165,292.54,57,0,9.29,CA,2022-08-11 19:33:06,clear sky
117,Ngunguru,-35.6167,174.5,280.6,79,7,4.36,NZ,2022-08-11 19:42:35,clear sky
118,Port Macquarie,-31.4333,152.9167,284.2,79,100,2.78,AU,2022-08-11 19:42:35,light rain
119,Port Hedland,-20.3167,118.5667,292.18,34,75,5.66,AU,2022-08-11 19:42:35,broken clouds
120,Dingle,10.9995,122.6711,297.45,89,75,0.58,PH,2022-08-11 19:34:17,broken clouds
121,Hermanus,-34.4187,19.2345,285.82,77,100,5.86,ZA,2022-08-11 19:35:24,overcast clouds
122,Anadyr,64.75,177.4833,286.43,93,40,2.0,RU,2022-08-11 19:42:36,light intensity shower rain
123,Presidente Medici,-11.1753,-61.9014,306.07,26,0,1.05,BR,2022-08-11 19:42:37,clear sky
124,Butaritari,3.0707,172.7902,300.85,74,99,5.45,KI,2022-08-11 19:31:12,overcast clouds
125,New Norfolk,-42.7826,147.0587,279.66,81,96,0.4,AU,2022-08-11 19:33:48,overcast clouds
126,Cockburn Town,21.4612,-71.1419,300.87,75,11,7.28,TC,2022-08-11 19:41:09,few clouds
127,Tiksi,71.6872,128.8694,277.75,97,100,5.54,RU,2022-08-11 19:34:13,overcast clouds
128,Marzuq,14.4,46.4667,298.92,71,100,2.07,YE,2022-08-11 19:42:38,overcast clouds
129,Peniche,39.3558,-9.3811,295.07,90,0,2.37,PT,2022-08-11 19:42:38,clear sky
130,Vostok,46.4856,135.8833,285.48,98,92,1.85,RU,2022-08-11 19:38:33,overcast clouds
131,Cabedelo,-6.9811,-34.8339,300.52,76,39,3.7,BR,2022-08-11 19:39:58,scattered clouds
132,Kalundborg,55.6795,11.0886,292.78,68,5,3.15,DK,2022-08-11 19:42:39,clear sky
133,Carnarvon,-24.8667,113.6333,288.54,34,0,7.15,AU,2022-08-11 19:33:47,clear sky
134,Kintampo,8.0563,-1.7306,298.19,70,100,2.12,GH,2022-08-11 19:42:40,overcast clouds
135,Zyryanka,65.75,150.85,290.69,63,98,3.55,RU,2022-08-11 19:42:40,overcast clouds
136,Margate,51.3813,1.3862,297.54,81,0,1.79,GB,2022-08-11 19:33:39,clear sky
137,Mandan,46.8267,-100.8896,302.8,76,0,6.69,US,2022-08-11 19:42:41,clear sky
138,Reshetylivka,49.565,34.0782,296.32,53,100,2.95,UA,2022-08-11 19:42:41,overcast clouds
139,Kormilovka,55.0026,74.1028,290.8,84,62,1.72,RU,2022-08-11 19:43:41,broken clouds
140,Belaya Gora,68.5333,146.4167,286.63,72,71,6.54,RU,2022-08-11 19:43:42,broken clouds
141,Laguna,38.421,-121.4238,305.98,43,0,4.12,US,2022-08-11 19:43:42,clear sky
142,Maceio,-9.6658,-35.7353,300.84,69,40,4.63,BR,2022-08-11 19:43:43,scattered clouds
143,Qaanaaq,77.484,-69.3632,277.08,71,97,3.16,GL,2022-08-11 19:34:12,overcast clouds
144,Tornio,65.8481,24.1466,289.16,61,100,7.08,FI,2022-08-11 19:43:43,overcast clouds
145,Beloha,-25.1667,45.05,292.23,56,0,4.45,MG,2022-08-11 19:43:44,clear sky
146,Takoradi,4.8845,-1.7554,296.96,84,100,4.34,GH,2022-08-11 19:43:44,overcast clouds
147,Berlevag,70.8578,29.0864,286.04,87,100,8.23,NO,2022-08-11 19:43:44,light rain
148,Lompoc,34.6391,-120.4579,299.23,74,40,6.17,US,2022-08-11 19:36:19,mist
149,Koslan,63.4564,48.8989,289.79,65,100,4.45,RU,2022-08-11 19:43:45,overcast clouds
150,Alvaraes,-3.2208,-64.8042,304.08,33,16,0.9,BR,2022-08-11 19:43:45,few clouds
151,Agua Buena,7.8167,-80.4,298.02,99,100,1.31,PA,2022-08-11 19:43:46,overcast clouds
152,Upernavik,72.7868,-56.1549,278.68,79,100,4.06,GL,2022-08-11 19:43:46,overcast clouds
153,Montmagny,48.9734,2.3469,302.03,30,0,3.09,FR,2022-08-11 19:43:46,clear sky
154,Korla,41.7597,86.1469,302.91,28,24,7.56,CN,2022-08-11 19:42:39,few clouds
155,Anuradhapura,8.3565,80.4173,298.78,84,100,5.42,LK,2022-08-11 19:43:47,overcast clouds
156,Kodiak,57.79,-152.4072,286.88,88,100,3.09,US,2022-08-11 19:33:19,mist
157,Richards Bay,-28.783,32.0377,294.57,72,4,5.95,ZA,2022-08-11 19:43:48,clear sky
158,Ambilobe,-13.2,49.05,291.39,74,1,2.44,MG,2022-08-11 19:43:48,clear sky
159,Hirna,9.2167,41.1,289.36,91,94,3.53,ET,2022-08-11 19:43:49,overcast clouds
160,Kavaratti,10.5669,72.642,300.52,84,19,9.35,IN,2022-08-11 19:43:49,few clouds
161,Constitucion,-35.3333,-72.4167,285.87,66,0,3.77,CL,2022-08-11 19:43:50,clear sky
162,Grindavik,63.8424,-22.4338,284.12,81,75,5.66,IS,2022-08-11 19:34:16,broken clouds
163,Longyearbyen,78.2186,15.6401,281.06,76,75,3.09,SJ,2022-08-11 19:35:25,broken clouds
164,Mahoba,25.2833,79.8667,299.81,84,82,3.2,IN,2022-08-11 19:43:50,broken clouds
165,Bethel,41.3712,-73.414,305.22,45,0,1.54,US,2022-08-11 19:36:00,clear sky
166,Cururupu,-1.8283,-44.8683,300.95,69,62,2.88,BR,2022-08-11 19:43:51,broken clouds
167,Avarua,-21.2078,-159.775,297.18,78,49,6.17,CK,2022-08-11 19:33:44,scattered clouds
168,Malakal,9.5334,31.6605,294.3,98,100,2.02,SS,2022-08-11 19:43:51,overcast clouds
169,Glace Bay,46.1969,-59.957,294.14,84,75,4.63,CA,2022-08-11 19:43:52,broken clouds
170,Sangueya,10.7,-14.3667,297.51,94,100,3.04,GN,2022-08-11 19:43:52,moderate rain
171,Thompson,55.7435,-97.8558,298.24,47,20,4.12,CA,2022-08-11 19:43:53,few clouds
172,Kutum,14.2,24.6667,297.0,62,81,1.73,SD,2022-08-11 19:43:53,broken clouds
173,Quelimane,-17.8786,36.8883,293.24,84,0,2.1,MZ,2022-08-11 19:40:08,clear sky
174,East London,-33.0153,27.9116,291.62,81,100,2.61,ZA,2022-08-11 19:41:57,overcast clouds
175,Talnakh,69.4865,88.3972,282.69,68,90,1.81,RU,2022-08-11 19:43:54,overcast clouds
176,Nouadhibou,20.931,-17.0347,297.14,73,1,10.29,MR,2022-08-11 19:43:54,sand
177,Nishihara,26.1842,127.7558,300.75,90,40,3.09,JP,2022-08-11 19:43:55,scattered clouds
178,Along,28.1667,94.7667,297.33,98,75,0.28,IN,2022-08-11 19:43:55,broken clouds
179,Berdigestyakh,62.0989,126.6992,286.13,95,35,1.39,RU,2022-08-11 19:43:56,scattered clouds
180,Miraflores,19.2167,-98.8083,296.5,61,96,0.52,MX,2022-08-11 19:43:56,overcast clouds
181,Itarema,-2.9248,-39.9167,299.98,75,88,7.4,BR,2022-08-11 19:43:56,overcast clouds
182,Coahuayana,18.7333,-103.6833,305.22,61,100,3.36,MX,2022-08-11 19:43:57,overcast clouds
183,Kholmogory,64.2229,41.656,289.48,96,100,4.16,RU,2022-08-11 19:43:57,overcast clouds
184,Tabou,4.423,-7.3528,297.88,78,99,4.35,CI,2022-08-11 19:43:58,overcast clouds
185,Gornyak,50.9942,81.4661,287.83,89,30,0.66,RU,2022-08-11 19:44:58,scattered clouds
186,Chardara,41.2547,67.9692,295.78,40,0,4.28,KZ,2022-08-11 19:44:58,clear sky
187,Escanaba,45.7453,-87.0646,296.77,45,20,3.6,US,2022-08-11 19:40:34,few clouds
188,Saskylakh,71.9167,114.0833,279.19,71,100,3.04,RU,2022-08-11 19:37:59,overcast clouds
189,Phalaborwa,-23.943,31.1411,295.75,41,0,1.96,ZA,2022-08-11 19:44:59,clear sky
190,Torbay,47.6666,-52.7314,289.97,87,100,3.6,CA,2022-08-11 19:44:59,light intensity drizzle
191,Sesheke,-17.4759,24.2968,292.21,23,4,2.4,ZM,2022-08-11 19:45:00,clear sky
192,Namatanai,-3.6667,152.4333,299.16,83,100,3.58,PG,2022-08-11 19:45:00,overcast clouds
193,Hobyo,5.3505,48.5268,297.85,80,63,11.59,SO,2022-08-11 19:45:01,broken clouds
194,Tynda,55.1667,124.7167,284.82,95,100,1.47,RU,2022-08-11 19:45:01,overcast clouds
195,Touros,-5.1989,-35.4608,298.93,78,23,5.47,BR,2022-08-11 19:45:02,few clouds
196,Esperance,-33.8667,121.9,284.63,72,91,4.04,AU,2022-08-11 19:36:11,overcast clouds
197,Sharjah,25.3573,55.4033,310.14,52,0,1.54,AE,2022-08-11 19:43:05,clear sky
198,Fomboni,-12.28,43.7425,297.12,70,2,2.61,KM,2022-08-11 19:45:02,clear sky
199,Hofn,64.2539,-15.2082,284.14,83,63,6.94,IS,2022-08-11 19:45:03,broken clouds
200,Tuatapere,-46.1333,167.6833,273.78,86,3,2.38,NZ,2022-08-11 19:45:04,clear sky
201,Loei,17.4167,101.5,291.5,99,100,1.11,TH,2022-08-11 19:45:04,light rain
202,Sarankhola,22.3082,89.7897,298.13,96,73,1.08,BD,2022-08-11 19:45:05,broken clouds
203,Abu Dhabi,24.4667,54.3667,308.16,79,99,2.06,AE,2022-08-11 19:41:39,overcast clouds
204,Virginia Beach,36.8529,-75.978,304.27,71,75,3.6,US,2022-08-11 19:43:57,thunderstorm
205,Elizabethton,36.3487,-82.2107,301.02,73,75,3.09,US,2022-08-11 19:44:20,broken clouds
206,Northview,43.0456,-85.6006,300.3,47,40,5.14,US,2022-08-11 19:45:07,scattered clouds
207,Mar Del Plata,-38.0023,-57.5575,289.16,65,0,8.23,AR,2022-08-11 19:43:27,clear sky
208,Bandarbeyla,9.4942,50.8122,297.81,80,100,12.84,SO,2022-08-11 19:45:07,overcast clouds
209,Madison Heights,42.4859,-83.1052,300.16,51,40,4.12,US,2022-08-11 19:45:08,scattered clouds
210,Bayanday,53.0661,105.5139,282.53,95,2,1.28,RU,2022-08-11 19:45:08,clear sky
211,Beringovskiy,63.05,179.3167,284.64,84,100,7.22,RU,2022-08-11 19:45:09,overcast clouds
212,Nemuro,43.3236,145.575,291.72,100,100,5.44,JP,2022-08-11 19:45:09,moderate rain
213,Hithadhoo,-0.6,73.0833,300.73,75,3,3.35,MV,2022-08-11 19:45:10,clear sky
214,Ancud,-41.8697,-73.8203,282.31,91,100,8.83,CL,2022-08-11 19:45:10,moderate rain
215,Klaksvik,62.2266,-6.589,284.66,81,100,5.15,FO,2022-08-11 19:45:11,overcast clouds
216,Turukhansk,65.8167,87.9833,279.66,86,5,2.86,RU,2022-08-11 19:45:11,clear sky
217,Necochea,-38.5473,-58.7368,288.11,57,0,6.73,AR,2022-08-11 19:45:12,clear sky
218,Sao Miguel Do Araguaia,-13.275,-50.1628,305.48,19,89,2.97,BR,2022-08-11 19:45:12,overcast clouds
219,Norman Wells,65.282,-126.8329,290.17,45,75,2.06,CA,2022-08-11 19:45:12,broken clouds
220,Beatrice,40.2681,-96.747,305.2,37,0,2.57,US,2022-08-11 19:45:13,clear sky
221,Aniva,46.7144,142.5294,292.21,94,100,2.52,RU,2022-08-11 19:45:13,overcast clouds
222,High Prairie,55.4334,-116.4858,297.48,42,37,5.23,CA,2022-08-11 19:45:14,scattered clouds
223,Aljezur,37.3191,-8.8033,291.78,88,0,3.57,PT,2022-08-11 19:45:14,clear sky
224,Seydi,39.4816,62.9137,298.99,26,0,5.63,TM,2022-08-11 19:45:15,clear sky
225,Wad Madani,14.4012,33.5199,299.14,74,23,5.71,SD,2022-08-11 19:41:51,few clouds
226,Shu,43.5983,73.7614,293.87,51,3,0.82,KZ,2022-08-11 19:45:15,clear sky
227,Champerico,14.3,-91.9167,307.45,63,18,2.43,GT,2022-08-11 19:46:16,few clouds
228,La Sarre,48.8002,-79.1996,293.19,43,15,5.94,CA,2022-08-11 19:46:16,few clouds
229,Panzhihua,26.5851,101.7128,295.05,89,62,0.45,CN,2022-08-11 19:46:17,broken clouds
230,Narsaq,60.9167,-46.05,288.27,76,12,2.13,GL,2022-08-11 19:35:02,few clouds
231,Martapura,-3.4167,114.85,298.2,88,75,1.03,ID,2022-08-11 19:46:17,broken clouds
232,Phan Thiet,10.9333,108.1,297.01,89,60,2.65,VN,2022-08-11 19:46:18,broken clouds
233,Padang,-0.9492,100.3543,299.22,88,85,0.89,ID,2022-08-11 19:46:18,overcast clouds
234,Dandeli,15.2667,74.6167,295.4,93,86,4.86,IN,2022-08-11 19:46:18,overcast clouds
235,Palana,59.1167,159.9667,284.83,93,100,2.66,RU,2022-08-11 19:46:19,overcast clouds
236,Livingstonia,-10.606,34.1063,289.23,59,0,2.22,MW,2022-08-11 19:46:19,clear sky
237,Codrington,-38.2667,141.9667,281.05,83,100,3.41,AU,2022-08-11 19:38:38,overcast clouds
238,Ilulissat,69.2167,-51.1,279.16,87,75,1.54,GL,2022-08-11 19:37:12,broken clouds
239,Haines Junction,60.7522,-137.5108,285.54,84,100,1.09,CA,2022-08-11 19:46:20,overcast clouds
240,Comodoro Rivadavia,-45.8667,-67.5,289.07,36,40,7.2,AR,2022-08-11 19:45:34,scattered clouds
241,Aykhal,66.0,111.5,280.65,96,100,7.95,RU,2022-08-11 19:46:21,light rain
242,Astana,51.1801,71.446,290.12,88,0,2.0,KZ,2022-08-11 19:46:21,clear sky
243,Inuvik,68.3499,-133.7218,289.57,55,20,3.6,CA,2022-08-11 19:46:22,few clouds
244,Te Anau,-45.4167,167.7167,271.46,92,28,0.5,NZ,2022-08-11 19:38:31,scattered clouds
245,Luderitz,-26.6481,15.1594,286.88,85,58,4.02,NA,2022-08-11 19:41:27,broken clouds
246,Kwekwe,-18.9281,29.8149,288.65,37,0,2.72,ZW,2022-08-11 19:46:22,clear sky
247,High Level,58.5169,-117.136,288.21,67,75,4.63,CA,2022-08-11 19:45:51,broken clouds
248,Dutse,11.7594,9.3392,296.79,77,98,2.42,NG,2022-08-11 19:46:23,overcast clouds
249,Helena,46.5927,-112.0361,306.07,40,0,2.68,US,2022-08-11 19:43:53,clear sky
250,Baghdad,33.3406,44.4009,308.1,26,0,5.66,IQ,2022-08-11 19:46:24,clear sky
251,Puqi,29.7167,113.8833,301.5,63,98,2.14,CN,2022-08-11 19:46:24,overcast clouds
252,Nsoko,-27.0333,31.95,295.74,82,0,1.55,SZ,2022-08-11 19:46:24,clear sky
253,Yokadouma,3.5167,15.05,293.79,96,100,0.99,CM,2022-08-11 19:46:25,overcast clouds
254,Whangamata,-37.2,175.8667,278.16,79,5,3.1,NZ,2022-08-11 19:46:25,clear sky
255,Jieshou,33.2634,115.3611,300.22,74,100,3.05,CN,2022-08-11 19:46:26,overcast clouds
256,Onda,39.9667,-0.25,301.01,68,0,0.67,ES,2022-08-11 19:46:26,clear sky
257,Wyndham,37.6985,-77.6125,303.01,72,40,2.68,US,2022-08-11 19:46:26,scattered clouds
258,Douglas,41.3,-96.167,308.49,39,40,3.6,US,2022-08-11 19:46:27,scattered clouds
259,May Pen,17.9645,-77.2451,303.71,47,3,5.76,JM,2022-08-11 19:46:27,clear sky
260,Orlik,52.5178,99.825,281.31,90,11,0.31,RU,2022-08-11 19:46:28,few clouds
261,Jalu,29.0331,21.5482,302.5,39,0,6.5,LY,2022-08-11 19:46:28,clear sky
262,Coihaique,-45.5752,-72.0662,282.49,61,75,3.09,CL,2022-08-11 19:42:02,broken clouds
263,Bjerkvik,68.5597,17.5189,284.26,87,100,9.1,NO,2022-08-11 19:46:29,overcast clouds
264,Aklavik,68.2191,-135.0107,290.15,59,20,2.57,CA,2022-08-11 19:46:29,few clouds
265,Nome,64.5011,-165.4064,284.19,83,100,3.6,US,2022-08-11 19:43:58,overcast clouds
266,Victoria,22.2855,114.1577,300.55,93,99,1.34,HK,2022-08-11 19:44:28,overcast clouds
267,Naraina,26.7833,75.2,301.0,69,100,4.99,IN,2022-08-11 19:46:30,overcast clouds
268,Ribeira Grande,38.5167,-28.7,298.37,73,40,6.17,PT,2022-08-11 19:44:33,scattered clouds
269,Mayumba,-3.432,10.6554,294.39,89,99,2.36,GA,2022-08-11 19:46:31,overcast clouds
270,Coquimbo,-29.9533,-71.3436,286.0,87,75,3.09,CL,2022-08-11 19:34:16,broken clouds
271,Alta Floresta,-9.8756,-56.0861,305.05,31,0,1.03,BR,2022-08-11 19:46:31,clear sky
272,Vardo,70.3705,31.1107,285.14,87,0,4.63,NO,2022-08-11 19:38:34,clear sky
273,Terra Santa,-2.1042,-56.4869,309.24,28,63,1.35,BR,2022-08-11 19:46:32,broken clouds
274,Cabo San Lucas,22.8909,-109.9124,308.49,60,20,4.63,MX,2022-08-11 19:45:22,few clouds
275,Yen Bai,21.7,104.8667,297.19,97,99,0.39,VN,2022-08-11 19:46:33,overcast clouds
276,Marystown,47.1666,-55.1483,288.6,84,100,4.08,CA,2022-08-11 19:47:33,overcast clouds
277,Qaqortoq,60.7167,-46.0333,281.24,87,34,1.66,GL,2022-08-11 19:47:02,scattered clouds
278,Mayo,38.8876,-76.5119,305.02,54,0,1.54,US,2022-08-11 19:47:34,clear sky
279,Pag,44.445,15.0575,299.47,52,5,7.22,HR,2022-08-11 19:47:34,clear sky
280,Port Hardy,50.6996,-127.4199,289.25,100,100,1.03,CA,2022-08-11 19:45:17,mist
281,Tessalit,20.1986,1.0114,311.0,19,24,2.25,ML,2022-08-11 19:47:35,few clouds
282,Changde,29.0464,111.6783,301.72,64,100,2.79,CN,2022-08-11 19:47:35,overcast clouds
283,Faanui,-16.4833,-151.75,298.83,75,9,6.38,PF,2022-08-11 19:47:36,clear sky
284,Guapo,-16.8306,-49.5319,299.36,23,67,2.83,BR,2022-08-11 19:47:36,broken clouds
285,Kizner,56.2749,51.508,286.83,79,0,1.21,RU,2022-08-11 19:47:36,clear sky
286,Evensk,61.95,159.2333,284.5,99,100,2.39,RU,2022-08-11 19:47:37,overcast clouds
287,Chipinge,-20.1883,32.6236,286.35,73,0,2.31,ZW,2022-08-11 19:47:37,clear sky
288,Melnikovo,56.5558,84.085,286.07,81,0,2.41,RU,2022-08-11 19:47:38,clear sky
289,Cayenne,4.9333,-52.3333,304.17,1,0,2.06,GF,2022-08-11 19:47:38,clear sky
290,Srednekolymsk,67.45,153.6833,290.72,82,88,2.38,RU,2022-08-11 19:47:38,light rain
291,Svetlogorsk,52.6333,29.7333,291.25,77,7,4.18,BY,2022-08-11 19:47:39,clear sky
292,Oranjemund,-28.55,16.4333,286.25,92,100,1.0,NA,2022-08-11 19:47:39,overcast clouds
293,Skibbereen,51.55,-9.2667,291.39,67,0,0.99,IE,2022-08-11 19:47:40,clear sky
294,Eganville,45.5334,-77.0994,295.78,26,0,4.73,CA,2022-08-11 19:47:40,clear sky
295,Kununurra,-15.7667,128.7333,295.14,37,7,3.09,AU,2022-08-11 19:47:40,clear sky
296,Whitehorse,60.7161,-135.0538,286.54,82,75,5.14,CA,2022-08-11 19:47:41,broken clouds
297,Pevek,69.7008,170.3133,275.74,92,88,2.76,RU,2022-08-11 19:47:41,overcast clouds
298,Kindu,-2.95,25.95,297.89,33,68,0.33,CD,2022-08-11 19:47:41,broken clouds
299,Haapiti,-17.5667,-149.8667,301.0,74,0,6.19,PF,2022-08-11 19:47:42,light rain
300,Ronda,36.7423,-5.1671,296.0,58,0,1.69,ES,2022-08-11 19:47:43,clear sky
301,Letlhakane,-21.4167,25.5833,290.08,23,0,2.38,BW,2022-08-11 19:47:43,clear sky
302,Bambous Virieux,-20.3428,57.7575,293.29,64,20,6.17,MU,2022-08-11 19:47:43,light rain
303,Isangel,-19.55,169.2667,294.24,61,6,6.37,VU,2022-08-11 19:47:44,clear sky
304,Faya,18.3851,42.4509,293.21,70,81,1.39,SA,2022-08-11 19:47:44,broken clouds
305,Port Charlotte,26.9762,-82.0906,307.62,65,20,1.34,US,2022-08-11 19:45:04,few clouds
306,Novoraychikhinsk,49.7798,129.594,284.13,96,58,2.05,RU,2022-08-11 19:47:45,broken clouds
307,Deputatskiy,69.3,139.9,281.52,82,100,2.02,RU,2022-08-11 19:47:45,overcast clouds
308,Jiangyou,31.7667,104.7167,298.62,85,86,0.72,CN,2022-08-11 19:47:46,overcast clouds
309,Asfi,32.2994,-9.2372,295.13,78,0,7.55,MA,2022-08-11 19:47:46,clear sky
310,Tabas,33.5959,56.9244,300.53,19,0,4.74,IR,2022-08-11 19:47:47,clear sky
311,Hailin,44.5833,129.4167,286.2,93,2,1.32,CN,2022-08-11 19:47:47,clear sky
312,Zhezkazgan,47.8043,67.7144,292.14,55,40,4.0,KZ,2022-08-11 19:47:47,scattered clouds
313,Takestan,36.0696,49.6959,299.22,72,0,4.0,IR,2022-08-11 19:47:48,clear sky
314,Verkhnyaya Toyma,62.2349,44.9985,290.15,64,100,3.86,RU,2022-08-11 19:47:48,overcast clouds
315,Gaya,24.7833,85.0,299.47,82,81,1.85,IN,2022-08-11 19:47:49,broken clouds
316,Rocha,-34.4833,-54.3333,287.89,70,1,3.32,UY,2022-08-11 19:44:44,clear sky
317,Sept-Iles,50.2001,-66.3821,293.18,79,40,4.63,CA,2022-08-11 19:38:40,scattered clouds
318,Vila Velha,-20.3297,-40.2925,298.12,64,0,6.17,BR,2022-08-11 19:46:46,clear sky
319,Kasulu,-4.5767,30.1025,292.37,55,9,1.46,TZ,2022-08-11 19:47:49,clear sky
320,Nanakuli,21.3906,-158.1547,303.12,56,40,5.66,US,2022-08-11 19:48:50,scattered clouds
321,Merritt Island,28.5392,-80.672,305.98,67,20,5.14,US,2022-08-11 19:48:50,few clouds
322,Chernyshevskiy,63.0128,112.4714,284.94,94,49,1.27,RU,2022-08-11 19:48:51,scattered clouds
323,High Rock,26.6208,-78.2833,306.16,67,0,4.95,BS,2022-08-11 19:48:51,clear sky
324,Vavoua,7.3819,-6.4778,298.65,71,100,1.28,CI,2022-08-11 19:48:52,overcast clouds
325,North Bend,43.4065,-124.2243,297.73,88,20,3.6,US,2022-08-11 19:45:17,few clouds
326,Batagay-Alyta,67.8006,130.4114,282.84,81,99,2.54,RU,2022-08-11 19:48:52,overcast clouds
327,Mount Isa,-20.7333,139.5,289.02,36,100,2.06,AU,2022-08-11 19:47:25,overcast clouds
328,Shaunavon,49.6501,-108.4181,300.3,33,100,5.28,CA,2022-08-11 19:48:53,overcast clouds
329,Rio Gallegos,-51.6226,-69.2181,278.18,65,20,4.12,AR,2022-08-11 19:48:53,few clouds
330,Saint-Francois,46.4154,3.9054,298.84,34,0,2.06,FR,2022-08-11 19:48:54,clear sky
331,Fallon,39.4735,-118.7774,305.07,34,40,0.0,US,2022-08-11 19:48:54,scattered clouds
332,Nelson Bay,-32.7167,152.15,286.48,97,100,1.34,AU,2022-08-11 19:48:55,overcast clouds
333,Kosai,34.7105,137.5316,299.74,89,100,3.43,JP,2022-08-11 19:48:55,overcast clouds
334,Zwedru,6.0667,-8.1281,296.14,87,72,2.51,LR,2022-08-11 19:48:55,broken clouds
335,Bandarban,22.1965,92.2262,297.24,93,64,1.08,BD,2022-08-11 19:48:56,broken clouds
336,Dmanisi,41.5251,44.3472,293.01,61,78,1.52,GE,2022-08-11 19:48:56,broken clouds
337,Asau,46.4333,26.4,289.66,71,56,2.26,RO,2022-08-11 19:48:57,broken clouds
338,Bitkine,11.9801,18.2138,296.95,83,100,3.31,TD,2022-08-11 19:48:57,overcast clouds
339,Guerrero Negro,27.9769,-114.0611,301.46,46,1,6.51,MX,2022-08-11 19:48:58,clear sky
340,Serra Talhada,-7.9919,-38.2983,305.0,22,9,2.71,BR,2022-08-11 19:48:58,clear sky
341,Yulara,-25.2406,130.9889,280.66,47,0,4.06,AU,2022-08-11 19:48:58,clear sky
342,Luanda,-8.8368,13.2343,292.7,91,8,4.52,AO,2022-08-11 19:48:15,clear sky
343,Ialibu,-6.2821,143.9935,286.22,99,65,0.98,PG,2022-08-11 19:48:59,broken clouds
344,Bonavista,48.6499,-53.1147,287.81,80,91,5.28,CA,2022-08-11 19:48:59,overcast clouds
345,Aksha,50.2814,113.2867,286.57,73,91,1.97,RU,2022-08-11 19:49:00,overcast clouds
346,Saint-Augustin,51.226,-58.6502,290.33,85,100,6.6,CA,2022-08-11 19:49:00,overcast clouds
347,Lata,40.1629,-8.3327,290.95,82,0,1.58,PT,2022-08-11 19:49:01,clear sky
348,Mount Gambier,-37.8333,140.7667,281.1,93,100,3.6,AU,2022-08-11 19:46:00,light intensity shower rain
349,Kruisfontein,-34.0033,24.7314,285.86,91,100,1.02,ZA,2022-08-11 19:49:01,overcast clouds
350,Sahaswan,28.0833,78.75,302.58,60,2,5.4,IN,2022-08-11 19:49:02,clear sky
351,Loreto,22.2667,-101.9667,300.11,25,99,5.27,MX,2022-08-11 19:49:02,overcast clouds
352,Yar-Sale,66.8333,70.8333,287.18,74,100,5.52,RU,2022-08-11 19:49:03,overcast clouds
353,Ketchikan,55.3422,-131.6461,292.41,68,0,6.17,US,2022-08-11 19:49:03,clear sky
354,Sobolevo,54.4299,31.8996,288.64,66,0,3.44,RU,2022-08-11 19:49:04,clear sky
355,Puerto Carreno,6.189,-67.4859,304.14,62,40,2.57,CO,2022-08-11 19:48:40,scattered clouds
356,Florence,43.7667,11.25,300.75,36,0,4.12,IT,2022-08-11 19:45:11,clear sky
357,Fortuna,40.5982,-124.1573,293.67,82,100,3.6,US,2022-08-11 19:49:05,overcast clouds
358,Dandong,40.1292,124.3947,291.94,92,13,0.91,CN,2022-08-11 19:49:06,few clouds
359,Elizabeth City,36.2946,-76.2511,304.27,69,0,6.17,US,2022-08-11 19:49:06,clear sky
360,Itambe,-15.245,-40.6244,304.57,23,56,1.28,BR,2022-08-11 19:44:15,broken clouds
361,Inirida,3.8653,-67.9239,302.49,67,94,1.15,CO,2022-08-11 19:49:07,overcast clouds
362,Nenjiang,49.1833,125.2167,286.21,86,53,1.58,CN,2022-08-11 19:49:07,broken clouds
363,Lac Du Bonnet,50.2536,-96.0612,297.37,36,100,2.6,CA,2022-08-11 19:49:08,overcast clouds
364,Ewa Beach,21.3156,-158.0072,303.12,59,40,7.2,US,2022-08-11 19:50:08,scattered clouds
365,Prince Rupert,54.3161,-130.3201,290.2,82,40,2.57,CA,2022-08-11 19:50:09,scattered clouds
366,Los Llanos De Aridane,28.6585,-17.9182,294.01,86,40,6.69,ES,2022-08-11 19:50:09,scattered clouds
367,Port Shepstone,-30.7414,30.455,292.01,83,0,3.86,ZA,2022-08-11 19:50:10,clear sky
368,Chumikan,54.7183,135.315,285.29,98,100,1.49,RU,2022-08-11 19:50:10,light rain
369,Ulaanbaatar,47.9077,106.8832,287.22,77,75,1.0,MN,2022-08-11 19:50:10,broken clouds
370,Varena,54.2167,24.5667,289.44,81,0,2.36,LT,2022-08-11 19:50:11,clear sky
371,Malia,35.2833,25.4667,300.27,78,2,3.87,GR,2022-08-11 19:50:11,clear sky
372,Farafangana,-22.8167,47.8333,292.25,82,53,3.72,MG,2022-08-11 19:50:12,light rain
373,Arman,59.7,150.1667,287.05,94,97,0.85,RU,2022-08-11 19:50:12,overcast clouds
374,Vanimo,-2.6741,141.3028,297.91,88,47,1.44,PG,2022-08-11 19:50:13,scattered clouds
375,Arkhangelskoye,55.8549,35.3287,287.08,67,1,1.26,RU,2022-08-11 19:50:13,clear sky
376,Nidzica,53.3605,20.4275,289.92,67,5,2.63,PL,2022-08-11 19:50:14,clear sky
377,Kirakira,-10.4544,161.9205,298.75,87,98,3.51,SB,2022-08-11 19:50:14,heavy intensity rain
378,Shihezi,44.3,86.0333,298.77,47,58,2.05,CN,2022-08-11 19:50:15,broken clouds
379,Stromness,58.965,-3.296,286.41,91,100,2.68,GB,2022-08-11 19:50:15,overcast clouds
380,Jining,35.405,116.5814,299.21,87,44,2.74,CN,2022-08-11 19:50:15,scattered clouds
381,Kundiawa,-6.0167,144.9667,290.2,99,100,0.47,PG,2022-08-11 19:50:16,overcast clouds
382,Houma,29.5958,-90.7195,302.04,84,40,6.17,US,2022-08-11 19:49:39,scattered clouds
383,Bathsheba,13.2167,-59.5167,304.49,70,75,6.17,BB,2022-08-11 19:50:17,broken clouds
384,Taboga,46.2663,13.1092,299.38,51,100,0.8,IT,2022-08-11 19:50:17,overcast clouds
385,Kazanka,47.8462,32.8218,294.85,69,100,6.07,UA,2022-08-11 19:50:17,overcast clouds
386,College,64.8569,-147.8028,290.41,59,20,0.0,US,2022-08-11 19:50:18,few clouds
387,Jevnaker,60.2414,10.385,293.57,76,0,1.9,NO,2022-08-11 19:50:18,clear sky
388,Paamiut,61.994,-49.6678,279.38,93,27,3.58,GL,2022-08-11 19:48:01,scattered clouds
389,Bud,39.447,-86.1758,304.08,67,76,3.7,US,2022-08-11 19:50:11,broken clouds
390,Inhambane,-23.865,35.3833,293.14,94,0,2.06,MZ,2022-08-11 19:50:19,clear sky
391,Miri,4.4148,114.0089,300.23,94,40,0.51,MY,2022-08-11 19:50:20,scattered clouds
392,Port Lincoln,-34.7333,135.8667,285.5,78,98,8.12,AU,2022-08-11 19:50:20,overcast clouds
393,Lasa,46.6166,10.7002,291.16,83,99,1.58,IT,2022-08-11 19:47:16,overcast clouds
394,Yumen,40.2833,97.2,299.82,37,0,6.14,CN,2022-08-11 19:50:21,clear sky
395,Nanortalik,60.1432,-45.2371,280.7,89,49,3.77,GL,2022-08-11 19:50:21,scattered clouds
396,Bairiki,1.3292,172.9752,300.15,83,20,3.09,KI,2022-08-11 19:50:22,few clouds
397,San Quintin,30.4833,-115.95,298.36,68,100,4.59,MX,2022-08-11 19:50:22,overcast clouds
398,Khandyga,62.6667,135.6,285.92,94,97,1.11,RU,2022-08-11 19:50:23,overcast clouds
399,Trairi,-3.2778,-39.2689,299.82,73,80,6.09,BR,2022-08-11 19:49:32,broken clouds
400,Aleksandrovskoye,44.7142,43.0008,298.45,47,10,4.91,RU,2022-08-11 19:50:23,clear sky
401,Clyde River,70.4692,-68.5914,277.28,93,100,4.63,CA,2022-08-11 19:47:34,light rain
402,Imeni Poliny Osipenko,52.4201,136.4853,285.15,96,100,2.1,RU,2022-08-11 19:50:24,overcast clouds
403,Phayao,19.25,100.25,295.41,100,100,1.33,TH,2022-08-11 19:50:24,overcast clouds
404,Dalbandin,28.8947,64.4101,306.0,14,2,4.7,PK,2022-08-11 19:50:25,clear sky
405,Atambua,-9.1061,124.8925,294.83,88,33,2.14,ID,2022-08-11 19:50:25,scattered clouds
406,San Cristobal,7.7669,-72.225,305.25,44,65,3.89,VE,2022-08-11 19:48:59,broken clouds
407,North Myrtle Beach,33.816,-78.68,306.51,57,0,4.63,US,2022-08-11 19:50:26,clear sky
408,Qingdao,36.0986,120.3719,297.93,100,75,2.0,CN,2022-08-11 19:50:26,mist
409,Bubaque,11.2833,-15.8333,300.15,82,100,7.05,GW,2022-08-11 19:50:27,light rain
410,Sandakan,5.8402,118.1179,297.97,88,20,1.54,MY,2022-08-11 19:50:27,few clouds
411,Lavrentiya,65.5833,-171.0,279.67,89,72,2.66,RU,2022-08-11 19:51:27,broken clouds
412,Mildura,-34.2,142.15,284.3,53,87,5.11,AU,2022-08-11 19:47:31,overcast clouds
413,Batticaloa,7.7102,81.6924,299.78,80,100,1.24,LK,2022-08-11 19:51:28,overcast clouds
414,Elko,41.0002,-115.5012,302.07,35,54,2.24,US,2022-08-11 19:51:28,broken clouds
415,Katsuura,35.1333,140.3,300.31,85,55,9.76,JP,2022-08-11 19:51:29,broken clouds
416,Monrovia,6.3005,-10.7969,297.92,83,100,5.84,LR,2022-08-11 19:50:34,overcast clouds
417,Tautira,-17.7333,-149.15,298.51,77,13,6.84,PF,2022-08-11 19:49:18,few clouds
418,Cartagena,10.3997,-75.5144,303.94,70,75,6.17,CO,2022-08-11 19:51:30,broken clouds
419,Szubin,53.0097,17.74,294.93,52,0,0.51,PL,2022-08-11 19:51:30,clear sky
420,Sakakah,29.9697,40.2064,308.91,24,0,3.29,SA,2022-08-11 19:51:30,clear sky
421,Sinop,41.7711,34.8709,291.77,82,10,2.23,TR,2022-08-11 19:51:31,clear sky
422,Solnechnyy,50.7214,136.6319,284.33,98,98,1.88,RU,2022-08-11 19:51:31,moderate rain
423,Krasnoselkup,65.7,82.4667,281.92,74,96,2.07,RU,2022-08-11 19:51:31,overcast clouds
424,Husavik,66.0449,-17.3389,284.6,73,97,2.55,IS,2022-08-11 19:47:23,overcast clouds
425,Lorengau,-2.0226,147.2712,299.79,79,48,2.39,PG,2022-08-11 19:48:10,scattered clouds
426,Puerto Gaitan,4.3133,-72.0816,304.09,57,84,4.43,CO,2022-08-11 19:51:32,broken clouds
427,Sawankhalok,17.316,99.8319,296.64,94,100,4.54,TH,2022-08-11 19:51:33,light rain
428,Poddorye,57.4695,31.1156,288.36,73,85,1.67,RU,2022-08-11 19:51:33,overcast clouds
429,Arlit,18.7369,7.3853,311.86,17,3,3.58,NE,2022-08-11 19:51:33,clear sky
430,Robertsport,6.7533,-11.3686,298.53,83,88,6.66,LR,2022-08-11 19:51:34,light rain
431,Semey,50.4111,80.2275,290.97,77,5,2.39,KZ,2022-08-11 19:51:34,clear sky
432,Marica,-22.9194,-42.8186,294.12,77,19,8.94,BR,2022-08-11 19:51:35,few clouds
433,Riobamba,-1.6667,-78.6333,292.35,59,75,4.12,EC,2022-08-11 19:51:35,broken clouds
434,Xining,36.6167,101.7667,291.85,87,71,0.96,CN,2022-08-11 19:46:42,broken clouds
435,Mauriti,-7.3892,-38.7744,305.56,21,10,2.47,BR,2022-08-11 19:51:36,clear sky
436,Pacocha,-17.5833,-71.3333,289.23,67,75,4.63,PE,2022-08-11 19:51:36,broken clouds
437,Suluq,31.6682,20.2521,300.52,62,0,4.9,LY,2022-08-11 19:51:37,clear sky
438,Waddan,29.1614,16.139,304.1,23,0,2.65,LY,2022-08-11 19:51:37,clear sky
439,Saint-Paul,-21.0096,55.2707,293.91,67,41,2.53,RE,2022-08-11 19:51:38,scattered clouds
440,Khani,41.9563,42.9566,292.91,91,5,0.96,GE,2022-08-11 19:51:38,clear sky
441,Guayabal,5.031,-74.8868,307.99,36,25,2.92,CO,2022-08-11 19:51:39,scattered clouds
442,Fort Beaufort,-32.7748,26.6338,288.63,40,79,2.06,ZA,2022-08-11 19:51:39,broken clouds
443,Karratha,-20.7377,116.8463,290.38,24,2,6.94,AU,2022-08-11 19:51:40,clear sky
444,Burns Lake,54.2331,-125.7533,301.67,24,6,1.56,CA,2022-08-11 19:51:40,clear sky
445,Mantua,45.1667,10.7833,301.73,54,63,0.89,IT,2022-08-11 19:51:40,broken clouds
446,Sambava,-14.2667,50.1667,294.25,75,56,6.45,MG,2022-08-11 19:51:12,light rain
447,Sosnovo-Ozerskoye,52.5249,111.5418,284.42,71,97,3.04,RU,2022-08-11 19:51:41,overcast clouds
448,Lensk,60.7253,114.9278,287.29,87,100,1.62,RU,2022-08-11 19:51:41,overcast clouds
449,Souillac,-20.5167,57.5167,293.36,64,20,6.17,MU,2022-08-11 19:51:42,few clouds
450,Athabasca,54.7169,-113.2854,302.19,43,98,0.61,CA,2022-08-11 19:48:39,overcast clouds
451,Preobrazheniye,42.9019,133.9064,292.36,82,46,3.17,RU,2022-08-11 19:51:42,scattered clouds
452,Naze,28.3667,129.4833,299.66,83,100,2.56,JP,2022-08-11 19:51:43,overcast clouds
453,Loralai,30.3705,68.598,298.8,62,45,4.13,PK,2022-08-11 19:51:43,scattered clouds
454,Marsa Matruh,31.3525,27.2453,300.26,65,0,5.14,EG,2022-08-11 19:51:43,clear sky
455,Fare,-16.7,-151.0167,298.78,75,0,6.55,PF,2022-08-11 19:51:44,clear sky
456,Seoul,37.5683,126.9778,296.81,97,40,0.51,KR,2022-08-11 19:50:52,mist
457,Rovnoye,50.7765,46.0509,294.82,73,100,4.33,RU,2022-08-11 19:52:44,overcast clouds
458,Moyale,3.5167,39.0584,293.05,69,100,6.25,KE,2022-08-11 19:52:45,overcast clouds
459,Wadi Maliz,36.4681,8.5495,302.96,56,0,1.93,TN,2022-08-11 19:52:45,clear sky
460,Nabire,-3.3667,135.4833,296.5,92,56,1.56,ID,2022-08-11 19:52:46,broken clouds
461,Bilma,18.6853,12.9164,309.43,9,34,4.14,NE,2022-08-11 19:50:34,scattered clouds
462,Ada,43.4166,-116.1262,308.52,31,0,4.02,US,2022-08-11 19:52:46,clear sky
463,Paine,-33.8167,-70.75,294.87,53,0,2.13,CL,2022-08-11 19:52:47,clear sky
464,Ayagoz,47.9714,80.4392,290.43,57,92,2.53,KZ,2022-08-11 19:52:47,overcast clouds
465,Semirom,31.4167,51.5667,294.53,32,20,2.37,IR,2022-08-11 19:52:48,few clouds
466,Jerusalem,31.769,35.2163,296.26,88,1,2.71,IL,2022-08-11 19:49:20,clear sky
467,Beihai,21.4833,109.1,300.79,83,100,6.31,CN,2022-08-11 19:52:48,overcast clouds
468,Ormara,25.2088,64.6357,301.05,83,100,7.53,PK,2022-08-11 19:52:49,overcast clouds
469,Borogontsy,62.6683,131.1683,287.93,98,97,1.59,RU,2022-08-11 19:52:49,light rain
470,West Bay,19.3667,-81.4167,304.19,76,40,5.66,KY,2022-08-11 19:52:49,scattered clouds
471,Shimoda,34.6667,138.95,297.65,89,100,5.86,JP,2022-08-11 19:52:50,overcast clouds
472,Boguchany,58.3814,97.4531,284.9,97,8,1.39,RU,2022-08-11 19:52:50,clear sky
473,Pedernales,18.0384,-71.744,303.46,62,17,3.32,DO,2022-08-11 19:52:51,few clouds
474,Banamba,13.55,-7.45,301.11,67,93,1.36,ML,2022-08-11 19:52:51,light rain
475,Saint-Georges,12.0564,-61.7485,302.97,74,75,3.09,GD,2022-08-11 19:52:51,broken clouds
476,Buin,-33.7333,-70.75,294.33,54,0,2.93,CL,2022-08-11 19:52:52,clear sky
477,Manaus,-3.1019,-60.025,306.42,55,40,2.57,BR,2022-08-11 19:52:52,scattered clouds
478,Belmonte,-15.8631,-38.8828,297.77,78,60,4.65,BR,2022-08-11 19:52:53,broken clouds
479,Pamanukan,-6.2842,107.8106,297.88,87,11,1.77,ID,2022-08-11 19:52:53,few clouds
480,Vestmanna,62.1564,-7.1664,283.66,87,75,4.12,FO,2022-08-11 19:52:54,broken clouds
481,Komsomolskiy,40.4272,71.7189,298.55,38,32,3.09,UZ,2022-08-11 19:49:20,scattered clouds
482,Miyako,39.6367,141.9525,296.5,93,100,1.99,JP,2022-08-11 19:52:54,overcast clouds
483,Pajan,-1.5667,-80.4167,302.29,57,100,0.91,EC,2022-08-11 19:52:54,overcast clouds
484,Qarqin,37.4185,66.0436,300.4,22,0,4.97,AF,2022-08-11 19:52:55,clear sky
485,Okhotsk,59.3833,143.3,286.9,95,100,1.31,RU,2022-08-11 19:48:25,overcast clouds
486,Uyemskiy,64.4743,40.8524,291.18,93,75,4.0,RU,2022-08-11 19:52:55,light rain
487,Nagayo,32.8242,129.8861,301.68,83,100,2.16,JP,2022-08-11 19:52:56,overcast clouds
488,Loandjili,-4.7561,11.8578,294.15,94,83,2.47,CG,2022-08-11 19:52:56,broken clouds
489,Pittsburg,38.028,-121.8847,305.08,41,0,4.63,US,2022-08-11 19:50:01,clear sky
490,Zhigansk,66.7697,123.3711,282.11,77,17,9.57,RU,2022-08-11 19:52:57,few clouds
491,Humaita,-7.5061,-63.0208,307.41,33,59,0.39,BR,2022-08-11 19:52:57,broken clouds
492,Vysokogornyy,50.1167,139.15,284.73,95,100,0.61,RU,2022-08-11 19:52:58,overcast clouds
493,Hokitika,-42.7167,170.9667,277.02,70,11,2.51,NZ,2022-08-11 19:52:58,few clouds
494,Saldanha,-33.0117,17.9442,286.18,87,100,4.43,ZA,2022-08-11 19:52:58,overcast clouds
495,Sitka,57.0531,-135.33,290.09,77,75,2.57,US,2022-08-11 19:48:55,broken clouds
496,Byron Bay,-28.65,153.6167,285.34,85,100,2.76,AU,2022-08-11 19:52:59,overcast clouds
497,Nakhon Phanom,17.3333,104.4167,296.06,98,100,2.51,TH,2022-08-11 19:52:59,moderate rain
498,Mut,36.6439,33.4389,301.65,44,9,2.93,TR,2022-08-11 19:53:00,clear sky
499,Rantoul,40.3084,-88.1559,302.06,74,75,5.66,US,2022-08-11 19:53:00,broken clouds
500,Bereda,43.2686,-7.5406,295.45,79,0,0.51,ES,2022-08-11 19:53:00,clear sky
501,Aswan,24.0934,32.907,309.76,19,0,4.63,EG,2022-08-11 19:53:01,clear sky
502,Gola Gokarannath,28.0833,80.4667,301.51,68,1,5.09,IN,2022-08-11 19:53:01,clear sky
503,Makat,47.6469,53.3463,303.96,20,0,4.0,KZ,2022-08-11 19:53:02,clear sky
504,Nalut,30.3333,10.85,305.0,25,34,3.24,LY,2022-08-11 19:53:02,scattered clouds
505,Tomatlan,19.9333,-105.25,305.77,58,100,4.17,MX,2022-08-11 19:54:02,overcast clouds
506,Boende,-0.2167,20.8667,298.69,60,93,1.26,CD,2022-08-11 19:54:03,overcast clouds
507,Beyneu,45.3167,55.2,302.76,20,0,2.21,KZ,2022-08-11 19:54:03,clear sky
508,Waipawa,-41.4122,175.5153,277.37,89,80,1.05,NZ,2022-08-11 19:54:04,broken clouds
509,Salamanca,40.8333,-6.0,305.16,23,0,3.26,ES,2022-08-11 19:54:04,clear sky
510,Yinchuan,38.4681,106.2731,298.71,78,48,2.69,CN,2022-08-11 19:54:05,scattered clouds
511,Chubbuck,42.9208,-112.4661,303.79,40,53,1.88,US,2022-08-11 19:54:05,broken clouds
512,Alugan,12.2188,125.4808,298.83,87,97,1.62,PH,2022-08-11 19:54:06,overcast clouds
513,Podgornoye,51.735,39.1496,296.27,68,0,5.0,RU,2022-08-11 19:54:06,clear sky
514,Auki,-8.7676,160.7034,297.6,89,100,1.5,SB,2022-08-11 19:54:07,overcast clouds
515,Sao Filipe,14.8961,-24.4956,299.25,76,6,5.59,CV,2022-08-11 19:54:07,clear sky
516,Maarianhamina,60.0973,19.9348,289.07,94,0,0.0,AX,2022-08-11 19:54:08,clear sky
517,Yilan,24.757,121.753,302.07,99,0,1.46,TW,2022-08-11 19:52:42,clear sky
518,Biggar,55.6167,-3.5167,295.03,81,2,1.42,GB,2022-08-11 19:54:09,clear sky
519,Kalaleh,37.3807,55.4916,297.35,25,0,1.7,IR,2022-08-11 19:54:09,clear sky
520,Sawtell,-30.3833,153.1,286.59,88,100,0.0,AU,2022-08-11 19:54:09,light rain
521,Sarwar,26.0667,75.0,300.09,79,100,4.25,IN,2022-08-11 19:54:10,overcast clouds
522,Homer,59.6425,-151.5483,289.09,85,100,5.81,US,2022-08-11 19:50:07,light rain
523,Namibe,-15.1961,12.1522,289.9,89,59,2.2,AO,2022-08-11 19:54:11,broken clouds
524,Dunedin,-45.8742,170.5036,275.82,76,3,0.89,NZ,2022-08-11 19:54:11,clear sky
525,Asosa,10.0667,34.5333,288.43,97,100,0.95,ET,2022-08-11 19:50:01,overcast clouds
526,Mumbwa,-14.9783,27.0619,290.31,37,0,2.05,ZM,2022-08-11 19:54:12,clear sky
527,Manggar,-2.8833,108.2667,300.58,82,92,4.04,ID,2022-08-11 19:54:12,overcast clouds
528,Manavalakurichi,8.1333,77.3,299.04,81,100,6.32,IN,2022-08-11 19:54:13,overcast clouds
529,Opportunity,47.6499,-117.2399,306.56,44,0,0.89,US,2022-08-11 19:54:13,clear sky
530,Puyang,29.4603,119.8861,299.2,90,100,0.67,CN,2022-08-11 19:54:13,overcast clouds
531,Yuanping,38.7153,112.7575,293.86,93,0,0.82,CN,2022-08-11 19:54:14,clear sky
532,Smirnykh,49.75,142.8333,287.21,85,100,0.12,RU,2022-08-11 19:54:14,heavy intensity rain
533,Amboasary,-25.0333,46.3833,290.71,82,0,2.48,MG,2022-08-11 19:54:15,clear sky
534,Usinsk,65.9939,57.5281,284.92,75,74,6.77,RU,2022-08-11 19:54:15,broken clouds
535,Rawson,-43.3002,-65.1023,289.01,35,10,4.69,AR,2022-08-11 19:54:16,clear sky
536,Strezhevoy,60.7333,77.5889,284.55,68,71,2.76,RU,2022-08-11 19:54:16,broken clouds
537,Roald,62.5833,6.1333,289.91,94,100,5.14,NO,2022-08-11 19:54:16,overcast clouds
538,Hualmay,-11.0964,-77.6139,292.37,70,18,4.24,PE,2022-08-11 19:49:19,few clouds
539,Salaga,8.5508,-0.5188,299.78,67,100,2.08,GH,2022-08-11 19:54:17,overcast clouds
540,Saryozek,44.3583,77.9753,292.32,61,89,2.42,KZ,2022-08-11 19:54:18,overcast clouds
541,Washougal,45.5826,-122.3534,302.28,54,0,1.34,US,2022-08-11 19:53:17,clear sky
542,Clarence Town,-32.5833,151.7833,286.4,77,100,0.97,AU,2022-08-11 19:54:18,light rain
543,Maniitsoq,65.4167,-52.9,279.81,82,98,4.78,GL,2022-08-11 19:54:19,overcast clouds
544,Bahia Honda,22.9036,-83.1592,302.84,69,100,5.15,CU,2022-08-11 19:54:19,overcast clouds
545,Morondava,-20.2833,44.2833,294.26,82,0,3.45,MG,2022-08-11 19:54:19,clear sky
546,Wisconsin Rapids,44.3836,-89.8174,299.98,45,40,2.06,US,2022-08-11 19:49:33,scattered clouds
547,Warrnambool,-38.3833,142.4833,281.25,88,100,3.57,AU,2022-08-11 19:54:20,overcast clouds
548,Da Nang,16.0678,108.2208,299.14,89,20,2.06,VN,2022-08-11 19:54:20,few clouds
549,Sadovoye,47.7764,44.5089,302.26,28,6,3.72,RU,2022-08-11 19:54:21,clear sky
550,Alofi,-19.0595,-169.9187,298.09,83,75,3.6,NU,2022-08-11 19:55:21,broken clouds
551,Lanxi,29.2195,119.477,299.44,89,100,0.31,CN,2022-08-11 19:55:22,overcast clouds
552,Blackwater,-23.5833,148.8833,286.26,91,100,3.05,AU,2022-08-11 19:55:22,overcast clouds
553,Frontera,26.9333,-101.45,310.0,31,14,1.34,MX,2022-08-11 19:51:06,few clouds
554,Turki,51.987,43.2731,292.89,84,100,3.9,RU,2022-08-11 19:55:23,overcast clouds
555,Finschhafen,-6.6024,147.8681,298.54,82,100,2.87,PG,2022-08-11 19:55:23,moderate rain
556,Christchurch,-43.5333,172.6333,271.19,93,7,1.03,NZ,2022-08-11 19:55:24,clear sky
557,Vung Tau,10.346,107.0843,299.27,85,100,2.81,VN,2022-08-11 19:51:54,overcast clouds
558,Raga,8.4596,25.678,294.93,94,100,1.89,SS,2022-08-11 19:55:24,overcast clouds
559,Port-Gentil,-0.7193,8.7815,296.13,88,20,3.09,GA,2022-08-11 19:55:25,few clouds
560,Meulaboh,4.1363,96.1285,298.42,84,100,0.55,ID,2022-08-11 19:55:25,overcast clouds
561,Salalah,17.0151,54.0924,298.47,87,99,4.64,OM,2022-08-11 19:55:26,overcast clouds
562,Carlsbad,33.1581,-117.3506,313.85,61,0,4.92,US,2022-08-11 19:55:07,clear sky
563,Ndele,8.4109,20.6473,294.61,98,100,1.2,CF,2022-08-11 19:55:26,light rain
564,Semkhoz,56.2833,38.0667,287.15,68,4,0.74,RU,2022-08-11 19:55:26,clear sky
565,Mbanza-Ngungu,-5.25,14.8667,296.46,48,100,1.91,CD,2022-08-11 19:55:27,overcast clouds
566,Quatre Cocos,-20.2078,57.7625,293.21,70,83,8.04,MU,2022-08-11 19:54:18,light rain
567,Maneadero,31.7167,-116.5667,299.87,75,16,0.45,MX,2022-08-11 19:52:58,few clouds
568,Mandera,3.9366,41.867,299.77,51,100,7.93,KE,2022-08-11 19:55:28,overcast clouds
569,Ponta Pora,-22.5361,-55.7256,294.1,43,0,5.14,BR,2022-08-11 19:55:28,clear sky
570,Dakar,14.6937,-17.4441,302.22,74,20,3.09,SN,2022-08-11 19:55:29,few clouds
571,Huarmey,-10.0681,-78.1522,293.29,70,15,4.42,PE,2022-08-11 19:55:29,few clouds
572,Tigil,57.8,158.6667,288.04,90,93,2.99,RU,2022-08-11 19:55:29,overcast clouds
573,Ivangorod,59.3716,28.2162,290.46,72,100,3.61,RU,2022-08-11 19:55:30,overcast clouds
574,Xingyi,24.1877,102.817,290.66,95,100,1.72,CN,2022-08-11 19:55:30,overcast clouds
575,Bowen,-20.0167,148.2333,290.89,85,90,3.78,AU,2022-08-11 19:55:31,overcast clouds
576,Yenagoa,4.9247,6.2642,296.66,94,100,1.64,NG,2022-08-11 19:55:31,overcast clouds
577,Batote,33.1227,75.321,293.2,85,100,2.41,IN,2022-08-11 19:55:31,overcast clouds
578,Madimba,-10.4,40.3333,295.52,81,48,3.95,TZ,2022-08-11 19:55:32,scattered clouds
579,Banjar,-8.19,114.9675,297.54,92,54,1.5,ID,2022-08-11 19:55:32,broken clouds
580,Marawi,7.9986,124.2928,293.1,90,77,1.14,PH,2022-08-11 19:55:33,broken clouds
581,Suntar,62.1444,117.6319,289.31,73,100,1.44,RU,2022-08-11 19:55:33,overcast clouds
582,Boa Vista,2.8197,-60.6733,303.14,54,40,3.09,BR,2022-08-11 19:55:09,moderate rain
583,Broken Hill,-31.95,141.4333,281.11,49,14,6.51,AU,2022-08-11 19:55:11,few clouds
584,Russell,32.3502,-85.1999,305.38,62,75,3.6,US,2022-08-11 19:55:34,broken clouds
585,Waingapu,-9.6567,120.2641,297.6,87,29,3.92,ID,2022-08-11 19:55:34,scattered clouds
586,Ostrovnoy,68.0531,39.5131,285.27,88,5,3.76,RU,2022-08-11 19:52:05,clear sky
587,Dum Duma,27.5667,95.5667,299.46,91,40,0.33,IN,2022-08-11 19:55:35,scattered clouds
588,Badin,24.656,68.8384,302.85,78,100,6.22,PK,2022-08-11 19:55:35,overcast clouds
589,Toyooka,35.5333,134.8333,298.18,92,100,2.81,JP,2022-08-11 19:53:22,overcast clouds
590,Roosendaal,51.5308,4.4653,300.38,48,0,1.03,NL,2022-08-11 19:55:36,clear sky
591,Normandin,48.8333,-72.5321,294.32,61,88,5.32,CA,2022-08-11 19:55:36,overcast clouds
592,Yeppoon,-23.1333,150.7333,288.03,90,100,2.78,AU,2022-08-11 19:55:36,overcast clouds
593,Japura,-0.3167,102.35,299.03,86,98,1.01,ID,2022-08-11 19:55:37,overcast clouds
594,Fairhope,30.523,-87.9033,302.01,86,100,6.26,US,2022-08-11 19:55:37,overcast clouds
595,Talisay,10.2447,123.8494,299.16,94,40,1.03,PH,2022-08-11 19:55:38,moderate rain
596,Omboue,-1.5746,9.2618,295.88,83,81,3.88,GA,2022-08-11 19:55:38,broken clouds
597,Camopi,3.1655,-52.3158,302.22,63,94,0.89,GF,2022-08-11 19:56:38,overcast clouds
598,Sabzevar,36.2126,57.6819,297.75,25,0,5.14,IR,2022-08-11 19:56:39,clear sky
599,Biharamulo,-2.6319,31.3089,296.45,41,97,0.99,TZ,2022-08-11 19:56:39,overcast clouds
600,Khuzdar,27.7384,66.6434,300.09,63,89,5.65,PK,2022-08-11 19:56:40,overcast clouds
601,Porkhov,57.765,29.5561,288.84,71,100,2.44,RU,2022-08-11 19:56:40,overcast clouds
602,Yaransk,57.3033,47.8861,287.49,79,10,2.39,RU,2022-08-11 19:56:40,clear sky
603,Tazovskiy,67.4667,78.7,283.11,73,100,4.61,RU,2022-08-11 19:56:41,overcast clouds
604,Atar,20.5169,-13.0499,312.5,20,100,4.44,MR,2022-08-11 19:56:41,overcast clouds
605,Axim,4.8699,-2.2405,297.05,85,100,2.84,GH,2022-08-11 19:56:42,overcast clouds
606,Ambon,-3.6954,128.1814,296.23,94,20,3.6,ID,2022-08-11 19:56:42,few clouds
607,Astoria,46.1879,-123.8313,299.66,66,1,3.29,US,2022-08-11 19:55:46,clear sky
608,Matay,28.419,30.7792,303.98,23,0,3.74,EG,2022-08-11 19:56:43,clear sky
609,Agnibilekrou,7.1344,-3.2047,296.85,80,98,1.43,CI,2022-08-11 19:56:43,overcast clouds
610,Ishigaki,24.3448,124.1572,300.22,94,46,0.51,JP,2022-08-11 19:56:44,scattered clouds
611,Valdivia,-39.8142,-73.2459,286.2,77,100,1.32,CL,2022-08-11 19:56:44,light rain
612,Worthing,50.8145,-0.3713,298.09,47,0,0.45,GB,2022-08-11 19:54:51,clear sky
613,Teeli,51.0333,90.2333,286.58,87,60,0.13,RU,2022-08-11 19:56:45,broken clouds
614,Surt,31.2089,16.5887,301.1,59,0,4.92,LY,2022-08-11 19:56:45,clear sky
615,Fairbanks,64.8378,-147.7164,290.64,58,0,0.0,US,2022-08-11 19:56:45,clear sky
616,Chartres,48.4167,1.5,300.46,33,0,0.45,FR,2022-08-11 19:56:46,clear sky
617,Lugazi,0.3772,32.9197,292.19,72,90,0.18,UG,2022-08-11 19:56:46,overcast clouds
618,Imbituba,-28.24,-48.6703,292.51,90,63,3.58,BR,2022-08-11 19:56:47,broken clouds
619,Sur,22.5667,59.5289,305.13,59,100,3.5,OM,2022-08-11 19:56:47,overcast clouds
620,Gorom-Gorom,14.4439,-0.2361,307.64,38,81,2.34,BF,2022-08-11 19:56:47,light rain
621,Gerash,27.6652,54.1371,308.23,25,67,3.74,IR,2022-08-11 19:56:48,broken clouds
622,Kiama,-34.6833,150.8667,286.8,76,100,2.68,AU,2022-08-11 19:56:48,overcast clouds
623,Flinders,-34.5833,150.8552,286.69,81,100,0.45,AU,2022-08-11 19:56:49,overcast clouds
624,Lachi,33.3833,71.3386,299.4,86,92,1.91,PK,2022-08-11 19:56:49,overcast clouds
625,Wajima,37.4,136.9,299.98,82,100,8.55,JP,2022-08-11 19:56:49,moderate rain
626,Ban Nahin,18.2418,104.2122,296.75,99,100,0.96,LA,2022-08-11 19:56:50,light rain
627,Agutaya,11.148,120.9417,301.77,70,82,3.24,PH,2022-08-11 19:56:50,broken clouds
628,Baherden,38.4362,57.4316,302.24,24,0,3.61,TM,2022-08-11 19:56:51,clear sky
629,Two Rivers,44.1539,-87.5693,296.45,61,1,2.68,US,2022-08-11 19:56:51,clear sky
630,Nago,26.5881,127.9761,299.39,83,100,2.2,JP,2022-08-11 19:56:51,overcast clouds
631,Matane,48.8286,-67.522,290.89,93,99,1.67,CA,2022-08-11 19:53:01,light rain
632,Helmsdale,58.1168,-3.6517,290.9,90,100,0.99,GB,2022-08-11 19:56:52,overcast clouds
633,Dzaoudzi,-12.7887,45.2699,296.09,78,0,1.03,YT,2022-08-11 19:56:52,clear sky
634,Avera,33.194,-82.5271,304.01,43,98,4.01,US,2022-08-11 19:56:53,light rain
635,Hanko,59.8333,22.95,289.9,85,81,5.96,FI,2022-08-11 19:56:53,broken clouds
636,Kandrian,-6.2167,149.55,297.42,95,100,1.8,PG,2022-08-11 19:56:54,moderate rain
637,Brownsville,25.9018,-97.4975,309.87,61,100,3.13,US,2022-08-11 19:54:07,overcast clouds
638,Shumskiy,54.8318,99.1328,285.01,88,30,1.42,RU,2022-08-11 19:56:54,scattered clouds
639,Durant,33.994,-96.3708,311.33,24,40,5.66,US,2022-08-11 19:56:55,scattered clouds
640,Sao Joao Da Barra,-21.6403,-41.0511,299.2,55,98,11.45,BR,2022-08-11 19:56:55,overcast clouds
641,Roma,43.2128,-75.4557,300.35,53,1,5.36,US,2022-08-11 19:56:55,clear sky
642,Gravdal,68.1214,13.5031,283.09,87,75,3.6,NO,2022-08-11 19:56:56,broken clouds
643,Upata,8.0086,-62.3989,299.83,84,63,0.91,VE,2022-08-11 19:57:56,broken clouds
644,Tinalmud,13.5941,122.878,299.23,83,92,1.84,PH,2022-08-11 19:57:57,overcast clouds
645,Aksarka,66.5606,67.7975,286.79,85,100,5.44,RU,2022-08-11 19:57:57,overcast clouds
646,Katete,-0.7818,29.7544,294.29,60,100,1.34,UG,2022-08-11 19:57:58,overcast clouds
647,Awjilah,29.1081,21.2869,302.06,42,0,6.49,LY,2022-08-11 19:57:58,clear sky
648,Chapais,49.7834,-74.8492,285.03,95,100,4.15,CA,2022-08-11 19:57:59,overcast clouds
649,Olpad,21.3333,72.75,299.46,89,80,9.92,IN,2022-08-11 19:57:59,broken clouds
650,Birjand,32.8663,59.2211,294.41,23,0,8.23,IR,2022-08-11 19:57:59,clear sky
651,Pontes E Lacerda,-15.2261,-59.3353,301.5,21,0,2.49,BR,2022-08-11 19:58:00,clear sky
652,Birobidzhan,48.8,132.95,287.47,91,98,1.32,RU,2022-08-11 19:58:00,overcast clouds
653,Sawakin,19.1059,37.3321,308.27,51,79,3.26,SD,2022-08-11 19:58:01,broken clouds
654,Kloulklubed,7.0419,134.2556,297.43,72,100,1.41,PW,2022-08-11 19:58:01,overcast clouds
655,Palu,-0.8917,119.8707,297.72,93,95,1.94,ID,2022-08-11 19:53:05,overcast clouds
656,Jaguarari,-10.2639,-40.1958,303.17,17,0,3.11,BR,2022-08-11 19:58:02,clear sky
657,Velykoploske,47.0125,29.6717,294.29,70,92,5.8,UA,2022-08-11 19:58:02,overcast clouds
658,Miles City,46.4083,-105.8406,306.06,24,89,4.93,US,2022-08-11 19:58:03,overcast clouds
659,Iracoubo,5.4802,-53.2011,301.6,70,66,3.78,GF,2022-08-11 19:58:03,broken clouds
660,Pancevo,44.8708,20.6403,295.26,55,42,2.19,RS,2022-08-11 19:58:04,scattered clouds
661,Kajaani,64.2273,27.7285,288.18,67,0,4.12,FI,2022-08-11 19:58:05,clear sky
662,Orumiyeh,37.5527,45.0761,292.9,42,0,4.12,IR,2022-08-11 19:58:05,clear sky
663,Novopokrovka,49.8425,36.5477,299.11,39,100,4.01,UA,2022-08-11 19:58:06,overcast clouds
664,Gasa,31.5,34.4667,298.64,75,0,3.4,PS,2022-08-11 19:58:06,clear sky
665,Louga,58.7372,29.8453,288.95,73,94,2.46,RU,2022-08-11 19:58:07,overcast clouds
666,Santa Rosa,14.3122,121.1114,300.14,89,96,0.74,PH,2022-08-11 19:58:07,overcast clouds
667,Kungurtug,50.5994,97.5228,285.47,72,98,0.71,RU,2022-08-11 19:58:08,overcast clouds
668,Wanaka,-44.7,169.15,270.99,86,26,0.89,NZ,2022-08-11 19:58:08,scattered clouds
669,Anta,25.15,76.3,299.48,88,41,1.87,IN,2022-08-11 19:58:08,scattered clouds
670,Klenovyy,48.1193,39.4588,297.65,47,100,1.81,UA,2022-08-11 19:58:09,light rain
671,Saint Anthony,45.0205,-93.218,302.49,44,40,4.12,US,2022-08-11 19:58:09,scattered clouds
672,Kysyl-Syr,63.8986,122.7617,287.66,75,100,2.07,RU,2022-08-11 19:58:10,overcast clouds
673,Mulchen,-37.7167,-72.2333,286.07,55,96,1.18,CL,2022-08-11 19:58:10,overcast clouds
674,Lagos,6.5833,3.75,299.33,87,92,3.14,NG,2022-08-11 19:55:19,overcast clouds
675,Neratovice,50.2593,14.5176,296.23,44,0,1.54,CZ,2022-08-11 19:58:11,clear sky
676,Mattru,7.6244,-11.8332,295.97,97,60,1.41,SL,2022-08-11 19:58:11,light rain
677,Riohacha,11.5444,-72.9072,304.21,70,75,5.14,CO,2022-08-11 19:58:12,broken clouds
678,Kalmunai,7.4167,81.8167,299.6,83,100,1.55,LK,2022-08-11 19:58:12,overcast clouds
679,Igarka,67.4667,86.5833,279.99,79,22,1.17,RU,2022-08-11 19:58:13,few clouds
680,Fatehabad,29.5167,75.45,300.21,69,98,3.11,IN,2022-08-11 19:58:13,overcast clouds
681,Hamilton,39.1834,-84.5333,303.5,57,47,1.34,US,2022-08-11 19:57:08,scattered clouds
682,Cheremkhovo,53.1561,103.0675,283.84,91,2,1.59,RU,2022-08-11 19:58:14,clear sky
683,Pokhara,28.2333,83.9833,295.64,86,84,1.23,NP,2022-08-11 19:55:08,broken clouds
684,Banda Aceh,5.5577,95.3222,299.22,82,100,5.76,ID,2022-08-11 19:55:03,overcast clouds
685,Burley,42.5357,-113.7928,306.65,21,15,2.67,US,2022-08-11 19:58:14,few clouds
686,Tucuman,-26.8241,-65.2226,293.15,34,22,1.54,AR,2022-08-11 19:58:15,few clouds
687,Nata,8.3333,-80.5167,300.08,91,100,0.72,PA,2022-08-11 19:58:15,overcast clouds
688,Shiraoi,42.55,141.35,295.25,97,100,4.9,JP,2022-08-11 19:58:16,light rain
689,Ferme-Neuve,46.7001,-75.4493,295.04,39,5,5.1,CA,2022-08-11 19:58:16,clear sky
690,Teknaf,20.8624,92.3058,299.22,90,100,1.22,BD,2022-08-11 19:59:16,overcast clouds
691,Muroto,33.2833,134.15,300.66,82,100,2.44,JP,2022-08-11 19:59:17,overcast clouds
692,Yuzhno-Kurilsk,44.0306,145.8556,292.08,99,100,4.56,RU,2022-08-11 19:59:17,light rain
693,Chokwe,-24.5333,32.9833,294.39,56,0,3.71,MZ,2022-08-11 19:59:18,clear sky
694,Lewisporte,49.2499,-55.0482,289.99,65,96,3.02,CA,2022-08-11 19:59:18,overcast clouds
695,Keskin,39.6731,33.6136,293.91,45,2,2.36,TR,2022-08-11 19:59:18,clear sky
696,Tanout,14.9709,8.8879,307.48,34,29,3.29,NE,2022-08-11 19:59:19,scattered clouds
697,Bogovarovo,58.9785,47.0246,286.44,80,59,2.32,RU,2022-08-11 19:59:19,broken clouds
698,Abu Zabad,12.35,29.25,294.3,84,99,5.07,SD,2022-08-11 19:59:20,overcast clouds
699,Sarab,38.6066,44.9883,297.9,48,0,2.1,IR,2022-08-11 19:59:20,clear sky
700,Canico,32.6333,-16.85,296.49,82,40,4.12,PT,2022-08-11 19:59:21,scattered clouds
701,Chiang Khong,20.2613,100.4046,296.17,100,100,0.9,TH,2022-08-11 19:59:21,overcast clouds
702,Hit,33.6416,42.8251,306.57,21,0,5.06,IQ,2022-08-11 19:59:22,clear sky
703,Nhulunbuy,-12.2333,136.7667,295.49,88,16,3.6,AU,2022-08-11 19:55:15,few clouds
704,Chake Chake,-5.2459,39.7666,296.11,80,97,4.52,TZ,2022-08-11 19:59:22,overcast clouds
705,Manadhoo,5.7667,73.3833,300.36,79,56,5.19,MV,2022-08-11 19:59:23,broken clouds
706,Gualaquiza,-3.4,-78.55,294.89,76,77,0.89,EC,2022-08-11 19:59:23,light rain
707,El Alto,-4.2714,-81.2147,295.96,73,52,6.85,PE,2022-08-11 19:59:24,broken clouds
708,Malatya,38.5,38.0,303.18,23,0,7.2,TR,2022-08-11 19:59:24,clear sky
709,San Juan,-31.5375,-68.5364,291.2,25,46,1.78,AR,2022-08-11 19:59:24,scattered clouds
710,Devils Lake,48.1128,-98.8651,294.21,34,100,5.36,US,2022-08-11 19:59:13,overcast clouds
